com.samsung.shealth.insight_message,6302031,2
is_ai_generated,feedback_type,service_id,description,exposure_uri,condition_id,msg_id,update_time,create_time,is_viewed,tag,category,title,deviceuuid,pkg_name,datauuid,day_time
1,,tracker.vitality,Your consistent sleep pattern is positively influencing your overall health and well-being. Maintaining this consistency is crucial for your energy levels. Consider continuing your current sleep routine to further improve your energy score. Keep up the great work!,intent:#Intent;action=com.samsung.android.app.shealth.intent.action.INSIGHT_HA_LOGGING_CARD_EXPOSED;package=com.sec.android.app.shealth;S.card_id=18919__29220;S.extra_llm_type=llm;S.tracker_id=tracker.vitality;end,,,2025-02-04 13:54:53.794,2025-02-04 13:54:53.794,0,18919,VS_VITALITYSCORE,Keep Up the Great Work!,3QItrwNcp5,com.sec.android.app.shealth,25cef3a5-c089-41a2-9c67-eed0581fa357,1738627200000,
0,,tracker.vitality,"Your sleeping heart rate has returned to standard range and is stable. Your body is recovering nicely. With enough rest and a continued commitment to your well-being, you should be able to consistently maintain good health overall.",intent:#Intent;action=com.samsung.android.app.shealth.intent.action.INSIGHT_HA_LOGGING_CARD_EXPOSED;package=com.sec.android.app.shealth;S.card_id=19105__29338;S.extra_llm_type=rule;S.tracker_id=tracker.vitality;end,,,2025-02-05 12:08:09.519,2025-02-05 02:20:51.605,0,19105,VS_VITALITYSCORE,Repair in progress,3QItrwNcp5,com.sec.android.app.shealth,c01b621f-c8ea-4c42-9441-dcabefd6335f,1738713600000,
1,,tracker.vitality,"Your energy score is good today, reflecting your hard work. Your recent sleeping heart rate of 53 bpm and average sleep time of 6 hours and 55 minutes are positively influencing your energy. Consider aiming for around 8 hours of sleep tonight to further boost your energy score. Keep up the great work!",intent:#Intent;action=com.samsung.android.app.shealth.intent.action.INSIGHT_HA_LOGGING_CARD_EXPOSED;package=com.sec.android.app.shealth;S.card_id=19036__29294;S.extra_llm_type=llm;S.tracker_id=tracker.vitality;end,,,2025-02-06 04:40:00.644,2025-02-06 04:40:00.644,0,19036,VS_VITALITYSCORE,Keep Up the Great Work!,3QItrwNcp5,com.sec.android.app.shealth,ebf2730a-6593-4da6-8b87-7f3a0b267656,1738800000000,
1,,tracker.vitality,"Your active time has decreased by 1 hour and 26 minutes compared to your recent average. This reduction may be affecting your energy score. Consider aiming for today's target of 4 hours of active time. Keep up your good step count of 10,543 steps. Stay active and focused on your health goals!",intent:#Intent;action=com.samsung.android.app.shealth.intent.action.INSIGHT_HA_LOGGING_CARD_EXPOSED;package=com.sec.android.app.shealth;S.card_id=19046__29300;S.extra_llm_type=llm;S.tracker_id=tracker.vitality;end,,,2025-02-07 04:32:54.644,2025-02-06 23:00:06.368,0,19046,VS_VITALITYSCORE,Boost Your Active Time,3QItrwNcp5,com.sec.android.app.shealth,03809858-fa33-4e62-ae73-47de96e8d13e,1738886400000,
1,,tracker.vitality,"Sleeping at 1:26 AM is contributing to your good energy score of 83. Maintaining this bedtime can help lower risks for heart disease, diabetes, and obesity. Continue with your current sleep patterns to keep your energy levels high. Keep up the great work!",intent:#Intent;action=com.samsung.android.app.shealth.intent.action.INSIGHT_HA_LOGGING_CARD_EXPOSED;package=com.sec.android.app.shealth;S.card_id=18935__29232;S.extra_llm_type=llm;S.tracker_id=tracker.vitality;end,,,2025-02-08 10:58:30.149,2025-02-08 02:03:37.053,0,18935,VS_VITALITYSCORE,Maintain Your Sleep Routine,3QItrwNcp5,com.sec.android.app.shealth,8bfe7388-b25b-47cb-a47d-9477a315a53e,1738972800000,
1,,tracker.vitality,"Your active time decreased to 30 minutes yesterday, contributing to a fair energy score of 70. Long sedentary periods can increase fatigue and illness risk. Aim for 1 hour and 13 minutes of active time today. Consider incorporating small changes like standing more, stretching, or quick strolls. Keep pushing towards your goals!",intent:#Intent;action=com.samsung.android.app.shealth.intent.action.INSIGHT_HA_LOGGING_CARD_EXPOSED;package=com.sec.android.app.shealth;S.card_id=18955__29244;S.extra_llm_type=llm;S.tracker_id=tracker.vitality;end,,,2025-02-09 05:47:54.218,2025-02-09 05:47:54.218,0,18955,VS_VITALITYSCORE,Boost Your Active Time,3QItrwNcp5,com.sec.android.app.shealth,84073b23-8847-4d57-88da-3826e33f4304,1739059200000,
1,,tracker.vitality,"Your sleeping heart rate grade is fair, indicating a significant deviation from your usual average. This affects your rest and energy. Today, focus on recovery by taking plenty of breaks and ensuring good sleep habits. This will help improve your energy score. Keep up the good work and stay motivated!",intent:#Intent;action=com.samsung.android.app.shealth.intent.action.INSIGHT_HA_LOGGING_CARD_EXPOSED;package=com.sec.android.app.shealth;S.card_id=19113__29342;S.extra_llm_type=llm;S.tracker_id=tracker.vitality;end,,,2025-02-10 02:22:54.053,2025-02-10 02:22:54.053,0,19113,VS_VITALITYSCORE,Focus on Recovery,3QItrwNcp5,com.sec.android.app.shealth,d22dfb13-b912-4822-a031-d90ff8b6b30a,1739145600000,
1,,tracker.vitality,"Your energy score is fair, indicating your body and mind need more rest. With a recent sleeping heart rate of 52bpm and a mean sleep time of 5 hours and 45 minutes, consider keeping a more relaxed schedule today. Aim for around 8 hours of sleep tonight to improve your energy score. Prioritize rest and recovery to boost your overall health.",intent:#Intent;action=com.samsung.android.app.shealth.intent.action.INSIGHT_HA_LOGGING_CARD_EXPOSED;package=com.sec.android.app.shealth;S.card_id=19017__29280;S.extra_llm_type=llm;S.tracker_id=tracker.vitality;end,,,2025-02-11 03:46:43.669,2025-02-11 03:46:43.669,0,19017,VS_VITALITYSCORE,Rest and Recharge,3QItrwNcp5,com.sec.android.app.shealth,50b228e9-febd-4f57-bf6e-4d1dc92dd442,1739232000000,
1,,tracker.vitality,"Your active time has decreased by 1 hour and 31 minutes recently, affecting your energy score. Yesterday's active time was 58 minutes. Aim for today's target of 2 hours and 20 minutes to improve your energy score. Consider incorporating more light activities like walking or stretching. Keep pushing towards your health goals!",intent:#Intent;action=com.samsung.android.app.shealth.intent.action.INSIGHT_HA_LOGGING_CARD_EXPOSED;package=com.sec.android.app.shealth;S.card_id=19045__29300;S.extra_llm_type=llm;S.tracker_id=tracker.vitality;end,,,2025-02-12 03:02:54.002,2025-02-12 03:02:54.002,0,19045,VS_VITALITYSCORE,Boost Your Active Time,3QItrwNcp5,com.sec.android.app.shealth,0ae96c9b-84a5-46f6-aa89-cc526e4e29e5,1739318400000,
1,,tracker.vitality,"Your energy score is good today, reflecting your hard work. With a sleeping HR of 52bpm and 2 hours and 27 minutes of active time, you're on the right track. Consider aiming for at least 8 hours of sleep tonight to boost your energy score. Keep up the great work and stay motivated!",intent:#Intent;action=com.samsung.android.app.shealth.intent.action.INSIGHT_HA_LOGGING_CARD_EXPOSED;package=com.sec.android.app.shealth;S.card_id=19036__29294;S.extra_llm_type=llm;S.tracker_id=tracker.vitality;end,,,2025-02-13 02:10:50.837,2025-02-13 02:10:50.837,0,19036,VS_VITALITYSCORE,Keep Up the Great Work!,3QItrwNcp5,com.sec.android.app.shealth,b1593f95-e3b6-4f66-945b-d46ded5adcd1,1739404800000,
1,,tracker.vitality,"Sleeping at 12:53 AM is appropriate and positively impacts your health. Maintaining this bedtime can lower risks for heart disease, diabetes, and obesity. Consider aiming for a consistent sleep duration to improve your sleep time average. Keep up the good work and stay focused on your health goals!",intent:#Intent;action=com.samsung.android.app.shealth.intent.action.INSIGHT_HA_LOGGING_CARD_EXPOSED;package=com.sec.android.app.shealth;S.card_id=18935__29232;S.extra_llm_type=llm;S.tracker_id=tracker.vitality;end,,,2025-02-14 02:33:22.800,2025-02-14 02:33:22.800,0,18935,VS_VITALITYSCORE,Maintain Good Sleep,3QItrwNcp5,com.sec.android.app.shealth,3907d119-e641-43a1-952c-d2683ac90b5a,1739491200000,
1,,tracker.vitality,"Your sleeping heart rate has significantly deviated from your usual average, affecting your rest. This could be influencing your energy score, which is currently fair. Today, focus on recovery by taking plenty of breaks and ensuring good sleep habits. This will help improve your energy score tomorrow. Keep up the good work!",intent:#Intent;action=com.samsung.android.app.shealth.intent.action.INSIGHT_HA_LOGGING_CARD_EXPOSED;package=com.sec.android.app.shealth;S.card_id=19113__29342;S.extra_llm_type=llm;S.tracker_id=tracker.vitality;end,,,2025-02-16 03:21:38.876,2025-02-16 03:21:38.876,0,19113,VS_VITALITYSCORE,Focus on Recovery,3QItrwNcp5,com.sec.android.app.shealth,199ffe3e-2f6d-4df9-a0e3-cc7253e418b8,1739664000000,
0,,tracker.vitality,"Your sleeping heart rate has returned to a normal level and you seem to be maintaining it quite well. Whatever you're doing is working well for you, so keep it up and you should continue to feel good.",intent:#Intent;action=com.samsung.android.app.shealth.intent.action.INSIGHT_HA_LOGGING_CARD_EXPOSED;package=com.sec.android.app.shealth;S.card_id=19106__29338;S.extra_llm_type=rule;S.tracker_id=tracker.vitality;end,,,2025-02-18 04:08:54.830,2025-02-18 04:08:54.830,0,19106,VS_VITALITYSCORE,Repair in progress,3QItrwNcp5,com.sec.android.app.shealth,93c1d3c7-71a5-405a-ab49-d1907c6bfb79,1739836800000,
1,,tracker.vitality,"Your sleeping heart rate variability has deviated from its standard level, likely due to stress. This is affecting your energy score. Consider taking time today to rest and engage in stress-relieving activities. Continue focusing on your health goals to improve your overall well-being.",intent:#Intent;action=com.samsung.android.app.shealth.intent.action.INSIGHT_HA_LOGGING_CARD_EXPOSED;package=com.sec.android.app.shealth;S.card_id=19085__29326;S.extra_llm_type=llm;S.tracker_id=tracker.vitality;end,,,2025-02-19 02:34:17.718,2025-02-19 02:34:17.718,0,19085,VS_VITALITYSCORE,Manage Your Stress,3QItrwNcp5,com.sec.android.app.shealth,433df4ef-4cc1-4548-92e8-bedcad3d086a,1739923200000,
1,,tracker.vitality,Your active time of 4 hours and 7 minutes is excellent and contributes positively to your energy score. Maintaining this level of activity is great. Consider taking proper rest and recovery breaks to optimize your energy score for tomorrow. Keep up the good work!,intent:#Intent;action=com.samsung.android.app.shealth.intent.action.INSIGHT_HA_LOGGING_CARD_EXPOSED;package=com.sec.android.app.shealth;S.card_id=18991__29266;S.extra_llm_type=llm;S.tracker_id=tracker.vitality;end,,,2025-02-20 02:18:11.040,2025-02-20 02:18:11.040,0,18991,VS_VITALITYSCORE,Keep Up the Great Work!,3QItrwNcp5,com.sec.android.app.shealth,a3806bde-2384-466e-b5ff-c5931d01cbda,1740009600000,
1,,tracker.vitality,"Your active time has decreased by 1 hour and 34 minutes compared to your recent average of 4 hours and 7 minutes. This reduction may be affecting your energy score. Consider aiming for today's target of 4 hours of active time. Keep up your good step count of 9,781 steps. Stay active and focused on your health goals!",intent:#Intent;action=com.samsung.android.app.shealth.intent.action.INSIGHT_HA_LOGGING_CARD_EXPOSED;package=com.sec.android.app.shealth;S.card_id=19047__29300;S.extra_llm_type=llm;S.tracker_id=tracker.vitality;end,,,2025-02-21 03:05:01.662,2025-02-21 03:05:01.662,0,19047,VS_VITALITYSCORE,Boost Your Active Time,3QItrwNcp5,com.sec.android.app.shealth,5f4e7628-c095-4f09-adc2-76c649d27702,1740096000000,
1,,tracker.vitality,Your recent sleep time of 5 hours and 48 minutes is affecting your recovery and daily life. Aim for around 8 hours of sleep to improve your energy score. Consider maintaining a consistent bedtime closer to 1:36 AM. Prioritize your sleep to enhance your overall well-being.,intent:#Intent;action=com.samsung.android.app.shealth.intent.action.INSIGHT_HA_LOGGING_CARD_EXPOSED;package=com.sec.android.app.shealth;S.card_id=18881__29200;S.extra_llm_type=llm;S.tracker_id=tracker.vitality;end,,,2025-02-21 23:28:55.353,2025-02-21 23:28:55.353,0,18881,VS_VITALITYSCORE,Improve Your Sleep,3QItrwNcp5,com.sec.android.app.shealth,cee08bdc-2f06-4d3a-badb-e06af45b9216,1740182400000,
1,,tracker.vitality,"Sleeping at 12:42 AM is contributing to your good sleep patterns, which can positively impact your health. Your energy score is fair, so consider maintaining this bedtime to improve it. Keep up the excellent bed/wake time consistency for better overall health. Stay focused on your goals!",intent:#Intent;action=com.samsung.android.app.shealth.intent.action.INSIGHT_HA_LOGGING_CARD_EXPOSED;package=com.sec.android.app.shealth;S.card_id=18935__29232;S.extra_llm_type=llm;S.tracker_id=tracker.vitality;end,,,2025-02-23 02:37:30.861,2025-02-23 02:37:30.861,0,18935,VS_VITALITYSCORE,Maintain Your Sleep Routine,3QItrwNcp5,com.sec.android.app.shealth,9f9d96da-792d-4cd0-9be0-5104d3096868,1740268800000,
1,,tracker.vitality,"Your sleeping heart rate variability is excellent, indicating recovery and balance. This stability is key to maintaining your energy score. Continue with your current healthy habits, including regular activity and adequate sleep. This consistency will help you avoid abrupt fluctuations and keep your energy score good. Keep up the great work!",intent:#Intent;action=com.samsung.android.app.shealth.intent.action.INSIGHT_HA_LOGGING_CARD_EXPOSED;package=com.sec.android.app.shealth;S.card_id=19080__29322;S.extra_llm_type=llm;S.tracker_id=tracker.vitality;end,,,2025-02-24 03:20:45.548,2025-02-24 03:20:45.548,0,19080,VS_VITALITYSCORE,Maintain Your Balance,3QItrwNcp5,com.sec.android.app.shealth,98de5f5e-ae8e-4dba-bdd2-606fbe51faf4,1740355200000,
1,,tracker.vitality,"Your active time has increased to 3 hours and 48 minutes, which is a positive change. This can help reduce depression and anxiety and promote happiness. However, your energy score is good at 80. Consider balancing your active time with adequate rest to optimize your energy. Keep up the great work and stay motivated!",intent:#Intent;action=com.samsung.android.app.shealth.intent.action.INSIGHT_HA_LOGGING_CARD_EXPOSED;package=com.sec.android.app.shealth;S.card_id=19043__29298;S.extra_llm_type=llm;S.tracker_id=tracker.vitality;end,,,2025-02-25 02:02:05.242,2025-02-25 02:02:05.242,0,19043,VS_VITALITYSCORE,"Stay Active, Stay Balanced",3QItrwNcp5,com.sec.android.app.shealth,ac4b358a-2bac-4361-81b3-aaa5fe228cd4,1740441600000,
1,,tracker.vitality,"Your active time has decreased by 2 hours and 46 minutes compared to your recent average. This reduction may be affecting your energy score, which is currently fair. Consider aiming for today's target of 2 hours and 20 minutes of active time. Keep moving towards your goals!",intent:#Intent;action=com.samsung.android.app.shealth.intent.action.INSIGHT_HA_LOGGING_CARD_EXPOSED;package=com.sec.android.app.shealth;S.card_id=19047__29300;S.extra_llm_type=llm;S.tracker_id=tracker.vitality;end,,,2025-02-26 02:41:34.106,2025-02-25 23:55:00.973,0,19047,VS_VITALITYSCORE,Boost Your Active Time,3QItrwNcp5,com.sec.android.app.shealth,c5ba5d79-06dc-450a-9384-732a87cc4433,1740528000000,
1,,tracker.vitality,"Your sleeping heart rate has deviated from your usual average, affecting your rest. This could be influencing your energy score, which is currently fair. Today, focus on recovery by taking plenty of breaks and ensuring good sleep habits. This will help improve your energy score for tomorrow. Keep up the good work!",intent:#Intent;action=com.samsung.android.app.shealth.intent.action.INSIGHT_HA_LOGGING_CARD_EXPOSED;package=com.sec.android.app.shealth;S.card_id=19113__29342;S.extra_llm_type=llm;S.tracker_id=tracker.vitality;end,,,2025-02-27 02:34:11.846,2025-02-27 02:34:11.846,0,19113,VS_VITALITYSCORE,Focus on Recovery,3QItrwNcp5,com.sec.android.app.shealth,79a5fdfe-fef1-46f5-a28a-a055c58b4350,1740614400000,
1,,tracker.vitality,"Your sleeping heart rate grade is fair, indicating a significant deviation from your usual average. This affects your rest and energy. Today, focus on recovery by taking plenty of breaks and ensuring good sleep habits. This will help improve your energy score. Keep up the good work and stay motivated!",intent:#Intent;action=com.samsung.android.app.shealth.intent.action.INSIGHT_HA_LOGGING_CARD_EXPOSED;package=com.sec.android.app.shealth;S.card_id=19111__29342;S.extra_llm_type=llm;S.tracker_id=tracker.vitality;end,,,2025-02-28 03:53:43.308,2025-02-28 03:53:43.308,0,19111,VS_VITALITYSCORE,Focus on Recovery,3QItrwNcp5,com.sec.android.app.shealth,0ac3d574-f6db-41e2-8e71-4d321e709c7c,1740700800000,
1,,tracker.vitality,"Your sleeping heart rate variability is deviating from its standard level, likely due to stress. This is affecting your energy score, which is currently fair. Consider taking time today to rest and engage in stress-relieving activities. Prioritize your health and aim for a better energy score tomorrow.",intent:#Intent;action=com.samsung.android.app.shealth.intent.action.INSIGHT_HA_LOGGING_CARD_EXPOSED;package=com.sec.android.app.shealth;S.card_id=19086__29326;S.extra_llm_type=llm;S.tracker_id=tracker.vitality;end,,,2025-03-01 03:01:53.284,2025-02-28 23:46:40.981,0,19086,VS_VITALITYSCORE,Manage Your Stress,3QItrwNcp5,com.sec.android.app.shealth,f95a7c34-7841-42cd-a0c0-dc08c67a9b4a,1740787200000,
1,,tracker.vitality,Consuming alcohol or eating late at night can reduce your sleep quality and affect your energy score. Consider avoiding these habits before bed to improve your rapid eye movement sleep and sleeping heart rate variability. This can help you feel more rested and energized. Keep focusing on your health goals!,intent:#Intent;action=com.samsung.android.app.shealth.intent.action.INSIGHT_HA_LOGGING_CARD_EXPOSED;package=com.sec.android.app.shealth;S.card_id=19049__29302;S.extra_llm_type=llm;S.tracker_id=tracker.vitality;end,,,2025-03-01 23:27:02.997,2025-03-01 23:27:02.997,0,19049,VS_VITALITYSCORE,Improve Sleep Quality,3QItrwNcp5,com.sec.android.app.shealth,d44af96c-5784-40f8-a174-19461710040b,1740873600000,
1,,tracker.vitality,"Your energy score is good today, reflecting your hard work. With a sleeping HR of 53bpm and recent mean sleep time of 5 hours and 32 minutes, consider aiming for 8 hours of sleep tonight to improve your energy score. Continue your efforts and stay motivated!",intent:#Intent;action=com.samsung.android.app.shealth.intent.action.INSIGHT_HA_LOGGING_CARD_EXPOSED;package=com.sec.android.app.shealth;S.card_id=19037__29294;S.extra_llm_type=llm;S.tracker_id=tracker.vitality;end,,,2025-03-05 07:44:34.366,2025-03-05 02:17:14.913,0,19037,VS_VITALITYSCORE,Keep Up the Great Work!,3QItrwNcp5,com.sec.android.app.shealth,d407c43d-04ff-46c3-80bf-90b8a7586880,1741132800000,
1,,tracker.vitality,Your active time of 3 hours and 57 minutes is excellent and contributes positively to your energy score. Maintaining this level of activity is great. Consider taking proper rest and recovery breaks today to optimize your energy score for tomorrow. Keep up the good work!,intent:#Intent;action=com.samsung.android.app.shealth.intent.action.INSIGHT_HA_LOGGING_CARD_EXPOSED;package=com.sec.android.app.shealth;S.card_id=18993__29266;S.extra_llm_type=llm;S.tracker_id=tracker.vitality;end,,,2025-03-06 02:30:36.541,2025-03-06 02:30:36.541,0,18993,VS_VITALITYSCORE,Keep Up the Great Work!,3QItrwNcp5,com.sec.android.app.shealth,a7b719e5-40c2-4a60-9b26-1d2d434a8c2e,1741219200000,
1,,tracker.vitality,"Your sleeping heart rate variability is excellent, indicating a healthy balance. This contributes to your good energy score. Continue your healthy lifestyle habits to maintain this balance. Consider incorporating stress-reducing activities to further improve your energy score. Keep up the great work!",intent:#Intent;action=com.samsung.android.app.shealth.intent.action.INSIGHT_HA_LOGGING_CARD_EXPOSED;package=com.sec.android.app.shealth;S.card_id=19083__29324;S.extra_llm_type=llm;S.tracker_id=tracker.vitality;end,,,2025-03-07 03:15:27.489,2025-03-07 03:15:27.489,0,19083,VS_VITALITYSCORE,Maintain Your Balance,3QItrwNcp5,com.sec.android.app.shealth,abbe72f1-5154-4c57-8a4b-216262db172a,1741305600000,
1,,tracker.vitality,Your active time has decreased by 2 hours and 20 minutes compared to your recent average of 3 hours and 22 minutes. This reduction can negatively impact your health. Consider aiming for today's target of 2 hours and 20 minutes of active time. Keep up the good work and stay active!,intent:#Intent;action=com.samsung.android.app.shealth.intent.action.INSIGHT_HA_LOGGING_CARD_EXPOSED;package=com.sec.android.app.shealth;S.card_id=19046__29300;S.extra_llm_type=llm;S.tracker_id=tracker.vitality;end,,,2025-03-09 04:15:18.449,2025-03-09 04:15:18.449,0,19046,VS_VITALITYSCORE,Boost Your Active Time,3QItrwNcp5,com.sec.android.app.shealth,7e90e538-61dd-4b93-b9dd-5677d18ffb02,1741478400000,
1,,tracker.vitality,"Your sleeping heart rate has deviated from your usual average, affecting your rest. This could be influencing your energy score. Today, focus on recovery by taking plenty of breaks and ensuring good sleep habits. This will help improve your energy score for tomorrow. Keep up the good work!",intent:#Intent;action=com.samsung.android.app.shealth.intent.action.INSIGHT_HA_LOGGING_CARD_EXPOSED;package=com.sec.android.app.shealth;S.card_id=19111__29342;S.extra_llm_type=llm;S.tracker_id=tracker.vitality;end,,,2025-03-10 04:17:41.010,2025-03-10 04:17:41.010,0,19111,VS_VITALITYSCORE,Focus on Recovery,3QItrwNcp5,com.sec.android.app.shealth,eb4755bf-294b-446e-9a78-f2c44f9ad712,1741564800000,
1,,tracker.vitality,"Your sleeping heart rate grade is fair, indicating a significant deviation from your usual average. This affects your rest and overall recovery. Today, focus on taking plenty of breaks and ensuring good sleep habits for a restful night. This will help improve your energy score. Keep up the good work and stay motivated!",intent:#Intent;action=com.samsung.android.app.shealth.intent.action.INSIGHT_HA_LOGGING_CARD_EXPOSED;package=com.sec.android.app.shealth;S.card_id=19111__29342;S.extra_llm_type=llm;S.tracker_id=tracker.vitality;end,,,2025-03-11 02:23:28.031,2025-03-11 02:23:28.031,0,19111,VS_VITALITYSCORE,Focus on Recovery,3QItrwNcp5,com.sec.android.app.shealth,476dc7f0-d736-457f-b1c2-61814cffbb60,1741651200000,
1,,tracker.vitality,"Sleeping at an appropriate time, like your 1:00 AM bedtime, contributes to maintaining good sleep patterns. This positively impacts your health, lowering risks for conditions like heart disease, diabetes, and obesity. Continue with your excellent bed/wake time consistency. Keep focusing on your health goals!",intent:#Intent;action=com.samsung.android.app.shealth.intent.action.INSIGHT_HA_LOGGING_CARD_EXPOSED;package=com.sec.android.app.shealth;S.card_id=18935__29232;S.extra_llm_type=llm;S.tracker_id=tracker.vitality;end,,,2025-03-12 03:02:07.414,2025-03-12 03:02:07.414,0,18935,VS_VITALITYSCORE,Keep Up the Good Work!,3QItrwNcp5,com.sec.android.app.shealth,5d4e5639-a89e-40d9-a322-f72c91051cdf,1741737600000,
1,,tracker.vitality,"Your moderate-to-vigorous exercise time was shorter yesterday, affecting your energy score. The WHO recommends 150 minutes of moderate activity weekly. Aim for 34 minutes of moderate-to-vigorous exercise today. Gradually increasing your exercise time can help improve your energy score. Keep pushing towards your health goals!",intent:#Intent;action=com.samsung.android.app.shealth.intent.action.INSIGHT_HA_LOGGING_CARD_EXPOSED;package=com.sec.android.app.shealth;S.card_id=18972__29254;S.extra_llm_type=llm;S.tracker_id=tracker.vitality;end,,,2025-03-13 02:54:52.268,2025-03-13 02:54:52.268,0,18972,VS_VITALITYSCORE,Boost Your Exercise Time,3QItrwNcp5,com.sec.android.app.shealth,cd3388ad-c83b-41fa-93a2-d7c4c8754579,1741824000000,
1,,tracker.vitality,"Your active time has increased to 4 hours and 4 minutes, which is a positive change from your recent average of 1 hour and 20 minutes. This boost in activity can help reduce depression and anxiety. However, your energy score is good at 84. Consider prioritizing rest and recovery today to optimize your energy score for tomorrow. Keep up the great work and stay balanced!",intent:#Intent;action=com.samsung.android.app.shealth.intent.action.INSIGHT_HA_LOGGING_CARD_EXPOSED;package=com.sec.android.app.shealth;S.card_id=19043__29298;S.extra_llm_type=llm;S.tracker_id=tracker.vitality;end,,,2025-03-14 02:59:42.447,2025-03-14 02:59:42.447,0,19043,VS_VITALITYSCORE,"Stay Active, Rest Well",3QItrwNcp5,com.sec.android.app.shealth,52582d8d-2636-4256-93d6-13709545b8bd,1741910400000,
1,,tracker.vitality,"Your energy score is good today, reflecting your hard work. With a sleeping HR of 54bpm and an average sleep time of 6 hours and 22 minutes, consider aiming for around 8 hours of sleep tonight. This will help maintain your energy levels. Keep up the great work and stay motivated!",intent:#Intent;action=com.samsung.android.app.shealth.intent.action.INSIGHT_HA_LOGGING_CARD_EXPOSED;package=com.sec.android.app.shealth;S.card_id=19037__29294;S.extra_llm_type=llm;S.tracker_id=tracker.vitality;end,,,2025-03-16 05:50:51.267,2025-03-16 05:50:51.267,0,19037,VS_VITALITYSCORE,Keep Up the Great Work!,3QItrwNcp5,com.sec.android.app.shealth,68443fc9-72b3-4181-822e-cfbd638a420d,1742083200000,
1,,tracker.vitality,Your active time has decreased by 2 hours and 30 minutes compared to your recent average of 3 hours and 34 minutes. This reduction can negatively impact your health. Consider aiming for today's target of 2 hours and 20 minutes of active time. Keep moving towards your goals!,intent:#Intent;action=com.samsung.android.app.shealth.intent.action.INSIGHT_HA_LOGGING_CARD_EXPOSED;package=com.sec.android.app.shealth;S.card_id=19045__29300;S.extra_llm_type=llm;S.tracker_id=tracker.vitality;end,,,2025-03-17 04:18:29.992,2025-03-17 04:18:29.992,0,19045,VS_VITALITYSCORE,Boost Your Active Time,3QItrwNcp5,com.sec.android.app.shealth,bdf05b2a-3bbc-4171-86ab-e52399d288d0,1742169600000,
1,,tracker.vitality,"Your active time has increased to 3 hours and 53 minutes, which is a positive change. This can help reduce depression and anxiety and promote happiness. However, your energy score is excellent at 86. Consider prioritizing rest and recovery today to maintain this high level. Keep up the great work!",intent:#Intent;action=com.samsung.android.app.shealth.intent.action.INSIGHT_HA_LOGGING_CARD_EXPOSED;package=com.sec.android.app.shealth;S.card_id=19044__29298;S.extra_llm_type=llm;S.tracker_id=tracker.vitality;end,,,2025-03-18 03:09:44.126,2025-03-18 03:09:44.126,0,19044,VS_VITALITYSCORE,Stay Active and Rest,3QItrwNcp5,com.sec.android.app.shealth,6004827f-74c3-48c9-893f-bf9c5620a921,1742256000000,
1,,tracker.vitality,Consuming alcohol or eating late at night can reduce your sleep quality and affect your energy score. Consider avoiding these habits before bed to improve your rapid eye movement sleep and sleeping heart rate variability. This can help you feel more rested and ready for the next day. Keep up the good work!,intent:#Intent;action=com.samsung.android.app.shealth.intent.action.INSIGHT_HA_LOGGING_CARD_EXPOSED;package=com.sec.android.app.shealth;S.card_id=19050__29302;S.extra_llm_type=llm;S.tracker_id=tracker.vitality;end,,,2025-03-20 03:28:56.429,2025-03-20 03:28:56.429,0,19050,VS_VITALITYSCORE,Improve Sleep Quality,3QItrwNcp5,com.sec.android.app.shealth,fd32aa68-6611-4d35-b370-891a533640e7,1742428800000,
1,,tracker.vitality,"Your sleeping heart rate variability is excellent, indicating recovery and balance. This stability is key to maintaining your energy score. Continue with your current healthy habits, such as regular activity and adequate sleep, to keep your sleeping heart rate variability consistent. Keep up the great work!",intent:#Intent;action=com.samsung.android.app.shealth.intent.action.INSIGHT_HA_LOGGING_CARD_EXPOSED;package=com.sec.android.app.shealth;S.card_id=19079__29322;S.extra_llm_type=llm;S.tracker_id=tracker.vitality;end,,,2025-03-21 03:21:50.154,2025-03-21 03:21:50.154,0,19079,VS_VITALITYSCORE,Maintain Your Balance,3QItrwNcp5,com.sec.android.app.shealth,9e320471-8985-4a07-8abc-f54599bf498b,1742515200000,
1,,tracker.vitality,"Your sleeping heart rate is stable and excellent, indicating good recovery. Your energy score is also excellent, showing consistent well-being. Continue with your current routine to maintain this balance. Keep up the great work and stay committed to your health!",intent:#Intent;action=com.samsung.android.app.shealth.intent.action.INSIGHT_HA_LOGGING_CARD_EXPOSED;package=com.sec.android.app.shealth;S.card_id=19106__29338;S.extra_llm_type=llm;S.tracker_id=tracker.vitality;end,,,2025-03-22 04:26:00.984,2025-03-22 04:26:00.984,0,19106,VS_VITALITYSCORE,Keep Up the Great Work!,3QItrwNcp5,com.sec.android.app.shealth,84e7b4f3-9125-4ab2-ac89-62139754c865,1742601600000,
1,,tracker.vitality,"Your energy score is fair, indicating your body and mind need more rest. With a sleeping HR of 54bpm, consider keeping a relaxed schedule today to allow for recovery. Aim for around 8 hours of sleep tonight to improve your energy score. Keep focusing on your health goals!",intent:#Intent;action=com.samsung.android.app.shealth.intent.action.INSIGHT_HA_LOGGING_CARD_EXPOSED;package=com.sec.android.app.shealth;S.card_id=19017__29280;S.extra_llm_type=llm;S.tracker_id=tracker.vitality;end,,,2025-03-24 03:55:02.368,2025-03-24 03:55:02.368,0,19017,VS_VITALITYSCORE,Relax and Recharge,3QItrwNcp5,com.sec.android.app.shealth,602e869c-9b8f-4c8a-9577-bf50f76d6e40,1742774400000,
1,,tracker.vitality,"Your active time has increased to 4 hours and 11 minutes, which is a positive change. This can help reduce depression and anxiety and promote happiness. However, your energy score is good at 79. Consider balancing your active time with adequate rest to optimize your energy score. Keep up the great work and stay motivated!",intent:#Intent;action=com.samsung.android.app.shealth.intent.action.INSIGHT_HA_LOGGING_CARD_EXPOSED;package=com.sec.android.app.shealth;S.card_id=19042__29298;S.extra_llm_type=llm;S.tracker_id=tracker.vitality;end,,,2025-03-25 03:37:00.504,2025-03-25 03:37:00.504,0,19042,VS_VITALITYSCORE,"Stay Active, Stay Balanced",3QItrwNcp5,com.sec.android.app.shealth,415e7afd-dd39-4f3f-8177-47a23c0f5593,1742860800000,
1,,tracker.vitality,"Your moderate intensity exercise is positively influencing your energy score, which is currently good at 83. Keep up this level and avoid overly vigorous or too light exercise. Consider maintaining your sleep time average of 6 hours and 29 minutes. Continue focusing on your health goals!",intent:#Intent;action=com.samsung.android.app.shealth.intent.action.INSIGHT_HA_LOGGING_CARD_EXPOSED;package=com.sec.android.app.shealth;S.card_id=19061__29310;S.extra_llm_type=llm;S.tracker_id=tracker.vitality;end,,,2025-03-26 03:11:25.183,2025-03-26 03:11:25.183,0,19061,VS_VITALITYSCORE,Maintain Your Balance,3QItrwNcp5,com.sec.android.app.shealth,1e9282d9-a426-4ae9-9b4a-cb964b4595d5,1742947200000,
0,,tracker.vitality,Your sleeping heart rate has been fluctuating from your norm lately. It's recommended that you focus more on rest and recovery to help stabilise it.,intent:#Intent;action=com.samsung.android.app.shealth.intent.action.INSIGHT_HA_LOGGING_CARD_EXPOSED;package=com.sec.android.app.shealth;S.card_id=19113__29342;S.extra_llm_type=rule;S.tracker_id=tracker.vitality;end,,,2025-03-27 02:52:36.623,2025-03-27 02:52:36.623,0,19113,VS_VITALITYSCORE,Take a break,3QItrwNcp5,com.sec.android.app.shealth,e7227bdb-1ace-4da8-a991-2069a3318879,1743033600000,
1,,tracker.vitality,Consuming alcohol or eating late at night before bed can reduce your sleep quality and affect your energy score. Consider avoiding these habits to improve your sleep and feel more rested. Focus on maintaining a consistent sleep schedule and healthy habits for better energy. Keep up the good work!,intent:#Intent;action=com.samsung.android.app.shealth.intent.action.INSIGHT_HA_LOGGING_CARD_EXPOSED;package=com.sec.android.app.shealth;S.card_id=19049__29302;S.extra_llm_type=llm;S.tracker_id=tracker.vitality;end,,,2025-03-28 02:32:54.463,2025-03-28 02:32:54.463,0,19049,VS_VITALITYSCORE,Improve Sleep Quality,3QItrwNcp5,com.sec.android.app.shealth,4b161acb-ac13-4b51-98e4-edb1e6494b10,1743120000000,
1,,tracker.vitality,"Your sleeping heart rate variability is excellent, indicating a healthy balance. This contributes to your good energy score. Continue your healthy lifestyle habits to maintain this balance. Consider incorporating stress-reducing activities to further improve your energy score. Keep up the great work!",intent:#Intent;action=com.samsung.android.app.shealth.intent.action.INSIGHT_HA_LOGGING_CARD_EXPOSED;package=com.sec.android.app.shealth;S.card_id=19081__29324;S.extra_llm_type=llm;S.tracker_id=tracker.vitality;end,,,2025-03-29 06:26:07.077,2025-03-29 06:26:07.077,0,19081,VS_VITALITYSCORE,Maintain Your Balance,3QItrwNcp5,com.sec.android.app.shealth,3faa1ded-c985-4f3e-a2e0-5cfe16bafbf8,1743206400000,
0,,tracker.vitality,"You've been sedentary for more than 11 hours and less active than usual overall. Not moving for long periods of time can lead to health issues like obesity and heart disease. Get up, stretch, and go for a short walk.",intent:#Intent;action=com.samsung.android.app.shealth.intent.action.INSIGHT_HA_LOGGING_CARD_EXPOSED;package=com.sec.android.app.shealth;S.card_id=18956__29244;S.extra_llm_type=rule;S.tracker_id=tracker.vitality;end,,,2025-03-30 04:01:18.560,2025-03-30 04:01:18.560,0,18956,VS_VITALITYSCORE,Get moving,3QItrwNcp5,com.sec.android.app.shealth,21826e1c-2255-4b1b-ad29-f06bc91180a4,1743292800000,
1,,tracker.vitality,"Your sleeping heart rate is stable and excellent, indicating good recovery. Your energy score is good, so let's focus on maintaining your current habits. Consider aiming for around 2 hours and 48 minutes of active time today. Keep prioritizing rest and well-being to sustain your health goals.",intent:#Intent;action=com.samsung.android.app.shealth.intent.action.INSIGHT_HA_LOGGING_CARD_EXPOSED;package=com.sec.android.app.shealth;S.card_id=19105__29338;S.extra_llm_type=llm;S.tracker_id=tracker.vitality;end,,,2025-04-02 03:03:31.909,2025-04-02 03:03:31.909,0,19105,VS_VITALITYSCORE,Keep Up the Great Work!,3QItrwNcp5,com.sec.android.app.shealth,3171d43f-8a32-4512-a94e-5ef2fffdd824,1743552000000,
1,0,tracker.vitality,"Your sleeping heart rate is stable and within the standard range, indicating good recovery. With an excellent sleeping heart rate, you can resume physical activity. Consider maintaining your current activity levels and aim for a good energy score. Keep up the great work and stay focused on your health goals!",intent:#Intent;action=com.samsung.android.app.shealth.intent.action.INSIGHT_HA_LOGGING_CARD_EXPOSED;package=com.sec.android.app.shealth;S.card_id=19110__29340;S.extra_llm_type=llm;S.tracker_id=tracker.vitality;end,shr_balance_66,shr_balance_66,2025-04-03 02:38:06.311,2025-04-03 02:38:06.311,0,19110,VS_VITALITYSCORE,Recover and Rebuild,3QItrwNcp5,com.sec.android.app.shealth,150dd40d-45ff-4412-96d5-5833fbf69245,1743638400000,
0,0,tracker.vitality,"Your recovery is improving because of the recent uptick in how much you're sleeping. Excessive sleep, however, can have adverse effects. Do your best to maintain the recommended 7-9 hours of sleep so you can continue to feel your best.",intent:#Intent;action=com.samsung.android.app.shealth.intent.action.INSIGHT_HA_LOGGING_CARD_EXPOSED;package=com.sec.android.app.shealth;S.card_id=18865__29190;S.extra_llm_type=rule;S.tracker_id=tracker.vitality;end,sleep_time_1,ST-3,2025-04-06 07:50:40.408,2025-04-06 07:50:40.408,0,18865,VS_VITALITYSCORE,Recovery in progress,3QItrwNcp5,com.sec.android.app.shealth,1c705dac-dd6a-4853-bc98-d4588e8c89f6,1743897600000,
1,0,tracker.vitality,"Your exercise intensity yesterday was higher than usual, which may be affecting your energy score. Consider lowering the intensity or increasing it gradually to avoid overexertion. This approach can help maintain your good energy score. Keep focusing on your health goals and stay motivated!",intent:#Intent;action=com.samsung.android.app.shealth.intent.action.INSIGHT_HA_LOGGING_CARD_EXPOSED;package=com.sec.android.app.shealth;S.card_id=19065__29312;S.extra_llm_type=llm;S.tracker_id=tracker.vitality;end,exercise_impulse_51,exercise_impulse_51,2025-04-07 02:37:39.420,2025-04-07 02:37:39.420,0,19065,VS_VITALITYSCORE,Balance Your Exercise,3QItrwNcp5,com.sec.android.app.shealth,ba1dc8ec-cfe6-4f78-b38b-23df972c42b0,1743984000000,
0,0,tracker.vitality,"Last night your heart rate took a while to settle down and your REM sleep and sleeping HRV were lower than usual. Some activities, when done before bed, can reduce recovery during sleep. Examples are exercising, drinking alcohol, or eating a meal.",intent:#Intent;action=com.samsung.android.app.shealth.intent.action.INSIGHT_HA_LOGGING_CARD_EXPOSED;package=com.sec.android.app.shealth;S.card_id=19048__29302;S.extra_llm_type=rule;S.tracker_id=tracker.vitality;end,behavior_check_before_sleep_72,SHT-1,2025-04-08 03:44:59.319,2025-04-08 03:44:59.319,0,19048,VS_VITALITYSCORE,Sleep is compromised,3QItrwNcp5,com.sec.android.app.shealth,7719677e-4d05-47c8-8c9f-0cd1e6721805,1744070400000,
1,0,tracker.vitality,"Your sleeping heart rate variability is excellent, indicating recovery and balance. This stability is key to maintaining your energy score. Continue with your regular activity and adequate sleep to keep this consistency. Aim for 1 hour and 8 minutes of active time today. Keep up the great work!",intent:#Intent;action=com.samsung.android.app.shealth.intent.action.INSIGHT_HA_LOGGING_CARD_EXPOSED;package=com.sec.android.app.shealth;S.card_id=19079__29322;S.extra_llm_type=llm;S.tracker_id=tracker.vitality;end,shrv_balance_57,shrv_balance_57,2025-04-10 02:54:28.316,2025-04-10 02:54:28.316,0,19079,VS_VITALITYSCORE,Maintain Your Balance,3QItrwNcp5,com.sec.android.app.shealth,2bac9496-4f6c-407b-8389-3d8713d50c7a,1744243200000,
1,0,tracker.vitality,"Your bedtime of 12:56 AM is contributing to your good energy score of 84. Maintaining this sleep timing can significantly improve your health, lowering risks for heart disease, diabetes, and obesity. Continue with your excellent sleep patterns to further enhance your energy score. Keep up the great work!",intent:#Intent;action=com.samsung.android.app.shealth.intent.action.INSIGHT_HA_LOGGING_CARD_EXPOSED;package=com.sec.android.app.shealth;S.card_id=18937__29232;S.extra_llm_type=llm;S.tracker_id=tracker.vitality;end,sleep_timing_23,sleep_timing_23,2025-04-11 02:51:59.389,2025-04-11 02:51:59.389,0,18937,VS_VITALITYSCORE,Keep Up the Good Work!,3QItrwNcp5,com.sec.android.app.shealth,5b87156e-ccf5-43a2-9f66-74bb014c07ef,1744329600000,
0,0,tracker.vitality,"During the last 2 days, you moved 109 minutes more yesterday than you usually do. While consistent activity provides significant health benefits, sometimes overdoing it compared to your usual can put strain on your body. The goal for you right now is to find that balance between activity and rest.",intent:#Intent;action=com.samsung.android.app.shealth.intent.action.INSIGHT_HA_LOGGING_CARD_EXPOSED;package=com.sec.android.app.shealth;S.card_id=19022__29284;S.extra_llm_type=rule;S.tracker_id=tracker.vitality;end,active_time_81,AT-12-2,2025-04-13 04:48:36.230,2025-04-13 04:48:36.230,0,19022,VS_VITALITYSCORE,Rest is your friend,3QItrwNcp5,com.sec.android.app.shealth,f150988c-baaf-48d7-9d23-99eb5e80019f,1744502400000,
0,0,tracker.vitality,"Your heart rate, REM sleep, and sleeping HRV didn't follow your usual pattern last night. Some activities, like drinking alcohol, exercising, or eating before bed, can impair recovery during sleep and keep you from feeling your best the next day.",intent:#Intent;action=com.samsung.android.app.shealth.intent.action.INSIGHT_HA_LOGGING_CARD_EXPOSED;package=com.sec.android.app.shealth;S.card_id=19049__29302;S.extra_llm_type=rule;S.tracker_id=tracker.vitality;end,behavior_check_before_sleep_72,SHT-2,2025-04-17 05:35:02.565,2025-04-17 05:35:02.565,0,19049,VS_VITALITYSCORE,Sleep is compromised,3QItrwNcp5,com.sec.android.app.shealth,a1cdc623-a748-4d96-be3b-0d03153aefa0,1744848000000,
1,0,tracker.vitality,"Your energy score is good today, reflecting your hard work. Your recent sleeping heart rate of 54bpm and active time of 1 hour and 46 minutes are positively influencing your energy. Consider aiming for around 8 hours of sleep tonight to further boost your energy score. Keep up the great work!",intent:#Intent;action=com.samsung.android.app.shealth.intent.action.INSIGHT_HA_LOGGING_CARD_EXPOSED;package=com.sec.android.app.shealth;S.card_id=19036__29294;S.extra_llm_type=llm;S.tracker_id=tracker.vitality;end,score_76,score_76,2025-04-18 10:01:56.600,2025-04-18 10:01:56.600,0,19036,VS_VITALITYSCORE,Keep Up the Great Work!,3QItrwNcp5,com.sec.android.app.shealth,857d7eb3-53e3-43cb-ac19-39f7b71bd532,1744934400000,
1,0,tracker.vitality,"Your exercise intensity increased yesterday, which is appropriate. Moderate to vigorous exercise can promote weight loss and improve physical fitness and heart health. However, excessive exercise can lead to injury. Consider balancing your exercise with adequate rest today to optimize your energy score. Keep up the good work and stay focused on your health goals!",intent:#Intent;action=com.samsung.android.app.shealth.intent.action.INSIGHT_HA_LOGGING_CARD_EXPOSED;package=com.sec.android.app.shealth;S.card_id=19057__29308;S.extra_llm_type=llm;S.tracker_id=tracker.vitality;end,exercise_impulse_48,exercise_impulse_48,2025-04-23 03:41:04.802,2025-04-23 03:41:04.802,0,19057,VS_VITALITYSCORE,Balance Your Exercise,3QItrwNcp5,com.sec.android.app.shealth,e0e25c17-d399-4374-8292-0224daa58cee,1745366400000,
0,0,tracker.vitality,"You spent more time on physical activity yesterday than you have been recently. Remember, rest is essential for your body's recovery and regeneration. If you're too active and not prioritising rest, you're putting yourself at a higher risk for injury.",intent:#Intent;action=com.samsung.android.app.shealth.intent.action.INSIGHT_HA_LOGGING_CARD_EXPOSED;package=com.sec.android.app.shealth;S.card_id=18954__29242;S.extra_llm_type=rule;S.tracker_id=tracker.vitality;end,active_time_33,AT-12,2025-04-24 04:21:16.517,2025-04-24 04:21:16.517,0,18954,VS_VITALITYSCORE,Rest is your friend,3QItrwNcp5,com.sec.android.app.shealth,c2fc304b-ccb4-4cd5-ac02-2922bac5dd6b,1745452800000,
0,0,tracker.vitality,Your sleeping heart rate has been fluctuating from your norm lately. It's recommended that you focus more on rest and recovery to help stabilise it.,intent:#Intent;action=com.samsung.android.app.shealth.intent.action.INSIGHT_HA_LOGGING_CARD_EXPOSED;package=com.sec.android.app.shealth;S.card_id=19113__29342;S.extra_llm_type=rule;S.tracker_id=tracker.vitality;end,shr_balance_67,HR-4-1,2025-04-28 22:30:11.783,2025-04-28 22:30:11.783,0,19113,VS_VITALITYSCORE,Take a break,3QItrwNcp5,com.sec.android.app.shealth,2393097d-f87c-4b2a-ab87-d4670fdd8b67,1745884800000,
1,0,tracker.vitality,"Your sleeping heart rate is stable and excellent, indicating good recovery. Your energy score is good, but your active time and stress levels are affecting it. Consider increasing your active time to at least 2 hours today to boost your energy score. Keep focusing on your well-being!",intent:#Intent;action=com.samsung.android.app.shealth.intent.action.INSIGHT_HA_LOGGING_CARD_EXPOSED;package=com.sec.android.app.shealth;S.card_id=19105__29338;S.extra_llm_type=llm;S.tracker_id=tracker.vitality;end,shr_balance_65,shr_balance_65,2025-04-30 07:01:41.348,2025-04-30 07:01:36.831,0,19105,VS_VITALITYSCORE,Keep Up the Great Work!,3QItrwNcp5,com.sec.android.app.shealth,b568e46c-ce7e-4a56-a759-4f257592f823,1745971200000,
0,0,tracker.vitality,"Your sleeping heart rate has returned to standard range and is stable. Your body is recovering nicely. With enough rest and a continued commitment to your well-being, you should be able to consistently maintain good health overall.",intent:#Intent;action=com.samsung.android.app.shealth.intent.action.INSIGHT_HA_LOGGING_CARD_EXPOSED;package=com.sec.android.app.shealth;S.card_id=19105__29338;S.extra_llm_type=rule;S.tracker_id=tracker.vitality;end,shr_balance_65,HR-1,2025-05-01 08:23:43.910,2025-05-01 08:23:43.910,0,19105,VS_VITALITYSCORE,Repair in progress,3QItrwNcp5,com.sec.android.app.shealth,0c45c8cb-4bcb-4748-bbd0-2a07d4d7b953,1746057600000,
1,0,tracker.vitality,"Your active time yesterday was 1 hour and 19 minutes, which is 3 minutes more than your recent average. This positive change contributes to your excellent energy score of 86. Continue to stay active and maintain this balance to keep your energy levels high. Great job!",intent:#Intent;action=com.samsung.android.app.shealth.intent.action.INSIGHT_HA_LOGGING_CARD_EXPOSED;package=com.sec.android.app.shealth;S.card_id=18990__29264;S.extra_llm_type=llm;S.tracker_id=tracker.vitality;end,active_time_30,active_time_30,2025-05-03 02:09:02.164,2025-05-03 02:09:02.164,0,18990,VS_VITALITYSCORE,Keep Up the Great Work!,3QItrwNcp5,com.sec.android.app.shealth,36b333a3-9b1e-4d41-a5d5-8af255ec7e27,1746230400000,
1,0,tracker.vitality,"Your sleeping heart rate is stable and within the standard range, indicating good recovery. With an excellent energy score of 86, you can resume physical activity. Consider maintaining your current activity levels and aim for a consistent routine. Keep up the great work and stay focused on your health goals!",intent:#Intent;action=com.samsung.android.app.shealth.intent.action.INSIGHT_HA_LOGGING_CARD_EXPOSED;package=com.sec.android.app.shealth;S.card_id=19109__29340;S.extra_llm_type=llm;S.tracker_id=tracker.vitality;end,shr_balance_66,shr_balance_66,2025-05-05 04:25:16.829,2025-05-05 04:25:16.829,0,19109,VS_VITALITYSCORE,Great Recovery!,3QItrwNcp5,com.sec.android.app.shealth,03fe44b6-df78-4f26-b280-c580987934c6,1746403200000,
1,0,tracker.vitality,"Your sleeping heart rate has deviated from your usual average, affecting your rest. This could be influencing your energy score. Today, focus on recovery by taking plenty of breaks and ensuring good sleep habits. This will help improve your energy score tomorrow. Keep up the good work and stay motivated!",intent:#Intent;action=com.samsung.android.app.shealth.intent.action.INSIGHT_HA_LOGGING_CARD_EXPOSED;package=com.sec.android.app.shealth;S.card_id=19111__29342;S.extra_llm_type=llm;S.tracker_id=tracker.vitality;end,shr_balance_67,shr_balance_67,2025-05-07 00:48:19.545,2025-05-07 00:48:19.545,0,19111,VS_VITALITYSCORE,Focus on Recovery,3QItrwNcp5,com.sec.android.app.shealth,5854fe76-754a-418a-a779-4037373e73d8,1746576000000,
0,0,tracker.vitality,"Last night your heart rate took a while to settle down and your REM sleep and sleeping HRV were lower than usual. Some activities, when done before bed, can reduce recovery during sleep. Examples are exercising, drinking alcohol, or eating a meal.",intent:#Intent;action=com.samsung.android.app.shealth.intent.action.INSIGHT_HA_LOGGING_CARD_EXPOSED;package=com.sec.android.app.shealth;S.card_id=19048__29302;S.extra_llm_type=rule;S.tracker_id=tracker.vitality;end,behavior_check_before_sleep_72,SHT-1,2025-05-07 20:51:13.863,2025-05-07 20:51:13.863,0,19048,VS_VITALITYSCORE,Sleep is compromised,3QItrwNcp5,com.sec.android.app.shealth,9c19bfec-4c49-463d-a558-133dbdacaa66,1746662400000,
1,0,tracker.vitality,"Your active time decreased to 34 minutes yesterday, contributing to a good energy score of 77. Long sedentary periods can increase fatigue and illness risk. Aim for 1 hour and 13 minutes of active time today. Consider incorporating small changes like standing more, stretching, or quick strolls. Keep pushing towards your goals!",intent:#Intent;action=com.samsung.android.app.shealth.intent.action.INSIGHT_HA_LOGGING_CARD_EXPOSED;package=com.sec.android.app.shealth;S.card_id=18957__29244;S.extra_llm_type=llm;S.tracker_id=tracker.vitality;end,active_time_35,active_time_35,2025-05-09 07:56:44.031,2025-05-09 06:19:57.846,0,18957,VS_VITALITYSCORE,Boost Your Active Time,3QItrwNcp5,com.sec.android.app.shealth,9a1bdba7-0651-486a-8c4b-c277fcf7a0c2,1746748800000,
1,0,tracker.vitality,"Your energy score is fair, indicating your body and mind need more rest. With a recent sleeping heart rate of 46bpm and an average sleep time of 6 hours and 10 minutes, consider keeping a more relaxed schedule today. This will help improve your energy score. Keep focusing on your health goals!",intent:#Intent;action=com.samsung.android.app.shealth.intent.action.INSIGHT_HA_LOGGING_CARD_EXPOSED;package=com.sec.android.app.shealth;S.card_id=19015__29280;S.extra_llm_type=llm;S.tracker_id=tracker.vitality;end,score_77,score_77,2025-05-10 06:47:51.144,2025-05-10 06:47:51.144,0,19015,VS_VITALITYSCORE,Rest and Recharge,3QItrwNcp5,com.sec.android.app.shealth,6c8c58aa-7bff-4d9d-b54d-ba2789de94ec,1746835200000,
0,0,tracker.vitality,"Your sleeping HRV and REM sleep were lower than usual last night and your heart rate took longer to come down. Some things that can contribute to getting less-refreshing sleep include exercising, drinking alcohol, or eating right before bed.",intent:#Intent;action=com.samsung.android.app.shealth.intent.action.INSIGHT_HA_LOGGING_CARD_EXPOSED;package=com.sec.android.app.shealth;S.card_id=19050__29302;S.extra_llm_type=rule;S.tracker_id=tracker.vitality;end,behavior_check_before_sleep_72,SHT-3,2025-05-11 08:27:48.514,2025-05-11 08:27:48.514,0,19050,VS_VITALITYSCORE,Sleep is compromised,3QItrwNcp5,com.sec.android.app.shealth,372f4143-1f6a-45e1-ac3f-64d59b3de99a,1746921600000,
0,0,tracker.vitality,A poor sleeping heart rate shouldn't be your norm and suggests that your body could benefit from some more attention. Focus on your recovery today by prioritising rest and taking breaks as needed.,intent:#Intent;action=com.samsung.android.app.shealth.intent.action.INSIGHT_HA_LOGGING_CARD_EXPOSED;package=com.sec.android.app.shealth;S.card_id=19112__29342;S.extra_llm_type=rule;S.tracker_id=tracker.vitality;end,shr_balance_67,HR-4,2025-05-12 22:05:11.085,2025-05-12 22:05:11.085,0,19112,VS_VITALITYSCORE,Take a break,3QItrwNcp5,com.sec.android.app.shealth,0d356b5a-9c8c-4c30-b291-79a4a59e5ea0,1747094400000,
1,0,tracker.vitality,"Your sleeping heart rate variability is deviating from its standard level, likely due to stress. This is affecting your energy score. Consider taking time today to rest and engage in stress-relieving activities. By managing stress, you can improve your overall health and energy levels. Keep focusing on your health goals!",intent:#Intent;action=com.samsung.android.app.shealth.intent.action.INSIGHT_HA_LOGGING_CARD_EXPOSED;package=com.sec.android.app.shealth;S.card_id=19085__29326;S.extra_llm_type=llm;S.tracker_id=tracker.vitality;end,shrv_balance_59,shrv_balance_59,2025-05-13 21:28:21.183,2025-05-13 21:28:21.183,0,19085,VS_VITALITYSCORE,Manage Your Stress,3QItrwNcp5,com.sec.android.app.shealth,57f62e1d-5c7f-4dcf-894a-5a07d487cf3d,1747180800000,
1,0,tracker.vitality,"Your sleeping heart rate variability has deviated considerably from its standard level, likely due to stress. This is affecting your energy score. Consider taking time today to rest and engage in stress-relieving activities. Focus on reducing stress to improve your overall health. Keep up the good work!",intent:#Intent;action=com.samsung.android.app.shealth.intent.action.INSIGHT_HA_LOGGING_CARD_EXPOSED;package=com.sec.android.app.shealth;S.card_id=19086__29326;S.extra_llm_type=llm;S.tracker_id=tracker.vitality;end,shrv_balance_59,shrv_balance_59,2025-05-16 01:46:28.934,2025-05-16 01:46:28.934,0,19086,VS_VITALITYSCORE,Manage Your Stress,3QItrwNcp5,com.sec.android.app.shealth,e86bc445-5a74-48eb-8eef-9f0aac69d15d,1747353600000,
1,0,tracker.vitality,"Your sleeping heart rate variability is excellent, indicating recovery and balance. This stability is key to maintaining your energy score. Continue with your regular activity and adequate sleep to keep this consistency. Consider reducing stress to further improve your energy score. Keep up the great work!",intent:#Intent;action=com.samsung.android.app.shealth.intent.action.INSIGHT_HA_LOGGING_CARD_EXPOSED;package=com.sec.android.app.shealth;S.card_id=19079__29322;S.extra_llm_type=llm;S.tracker_id=tracker.vitality;end,shrv_balance_57,shrv_balance_57,2025-05-18 03:24:26.294,2025-05-18 03:24:26.294,0,19079,VS_VITALITYSCORE,Maintain Your Balance,3QItrwNcp5,com.sec.android.app.shealth,6134fc49-2f0f-45dd-810d-672fed599cfa,1747526400000,
1,0,tracker.vitality,"Your moderate-to-vigorous exercise time yesterday was appropriate, contributing positively to your energy score. However, your previous day activity was fair, possibly affecting your energy score. Consider maintaining your current exercise routine and aim for consistent sleep to improve your energy score. Keep up the good work!",intent:#Intent;action=com.samsung.android.app.shealth.intent.action.INSIGHT_HA_LOGGING_CARD_EXPOSED;package=com.sec.android.app.shealth;S.card_id=18970__29252;S.extra_llm_type=llm;S.tracker_id=tracker.vitality;end,exercise_time_43,exercise_time_43,2025-05-21 06:20:48.467,2025-05-21 06:20:48.467,0,18970,VS_VITALITYSCORE,Consistency is Key!,3QItrwNcp5,com.sec.android.app.shealth,56d90fca-1a0b-44f8-bebc-1a3dfeecf3fc,1747785600000,
1,0,tracker.vitality,"Your energy score is good today, reflecting your hard work. With a sleeping HR of 55bpm and 43 minutes of active time, you're on the right track. Consider aiming for at least 6 hours of sleep tonight to boost your energy score. Keep up the great work and stay motivated!",intent:#Intent;action=com.samsung.android.app.shealth.intent.action.INSIGHT_HA_LOGGING_CARD_EXPOSED;package=com.sec.android.app.shealth;S.card_id=19038__29294;S.extra_llm_type=llm;S.tracker_id=tracker.vitality;end,score_76,score_76,2025-05-22 02:37:16.882,2025-05-22 02:37:16.882,0,19038,VS_VITALITYSCORE,Keep Up the Great Work!,3QItrwNcp5,com.sec.android.app.shealth,aeb5f5db-f848-4dcc-9a19-54eb4188ba37,1747872000000,
1,0,tracker.vitality,"Your sleeping heart rate has significantly deviated from your usual average, affecting your rest. This could be influencing your energy score, which is currently fair. Today, focus on recovery by taking plenty of breaks and ensuring good sleep habits. This will help improve your energy score for tomorrow. Keep up the good work and stay motivated!",intent:#Intent;action=com.samsung.android.app.shealth.intent.action.INSIGHT_HA_LOGGING_CARD_EXPOSED;package=com.sec.android.app.shealth;S.card_id=19113__29342;S.extra_llm_type=llm;S.tracker_id=tracker.vitality;end,shr_balance_67,shr_balance_67,2025-05-24 01:54:31.317,2025-05-24 01:54:31.317,0,19113,VS_VITALITYSCORE,Focus on Recovery,3QItrwNcp5,com.sec.android.app.shealth,636cfb20-1ba3-4fcf-a824-0c96dd8c8129,1748044800000,
1,0,tracker.vitality,"Your active time yesterday was lower than your average, which is a positive change. This helps avoid overexertion. To improve your energy score, consider prioritizing rest and recovery today. Keep up the good work and stay focused on your health goals!",intent:#Intent;action=com.samsung.android.app.shealth.intent.action.INSIGHT_HA_LOGGING_CARD_EXPOSED;package=com.sec.android.app.shealth;S.card_id=18948__29240;S.extra_llm_type=llm;S.tracker_id=tracker.vitality;end,active_time_31,active_time_31,2025-05-24 23:19:58.376,2025-05-24 23:19:58.376,0,18948,VS_VITALITYSCORE,Prioritize Rest Today,3QItrwNcp5,com.sec.android.app.shealth,95353452-5f38-499b-88be-afae30f1a57b,1748131200000,
1,0,tracker.vitality,"Your sleeping heart rate is stable and excellent, indicating good recovery. However, your energy score is fair, possibly due to medium stress levels. Consider incorporating stress-reducing activities today to improve your energy score tomorrow. Keep up the great work and stay committed to your well-being!",intent:#Intent;action=com.samsung.android.app.shealth.intent.action.INSIGHT_HA_LOGGING_CARD_EXPOSED;package=com.sec.android.app.shealth;S.card_id=19105__29338;S.extra_llm_type=llm;S.tracker_id=tracker.vitality;end,shr_balance_65,shr_balance_65,2025-05-27 03:36:17.948,2025-05-27 03:36:17.948,0,19105,VS_VITALITYSCORE,Keep Up the Great Work!,3QItrwNcp5,com.sec.android.app.shealth,9e645bb8-3c1f-4900-be5a-b0e18af85416,1748304000000,
1,0,tracker.vitality,"Your sleeping heart rate is stable and excellent, indicating good recovery. Your energy score is fair, possibly influenced by medium stress levels. Consider incorporating stress-reducing activities today to help improve your energy score. Keep up the great work and stay committed to your well-being!",intent:#Intent;action=com.samsung.android.app.shealth.intent.action.INSIGHT_HA_LOGGING_CARD_EXPOSED;package=com.sec.android.app.shealth;S.card_id=19107__29338;S.extra_llm_type=llm;S.tracker_id=tracker.vitality;end,shr_balance_65,shr_balance_65,2025-05-28 21:01:23.333,2025-05-28 02:32:08.400,0,19107,VS_VITALITYSCORE,Keep Up the Great Work!,3QItrwNcp5,com.sec.android.app.shealth,0f4bf04a-e04b-460f-9cab-3a929042ceb5,1748390400000,
1,0,tracker.vitality,"Your moderate intensity exercise is positively influencing your energy score, which is currently good at 75. To further improve, consider maintaining your current exercise routine and aim for a consistent sleep duration of around 8 hours. Keep up the good work and stay focused on your health goals!",intent:#Intent;action=com.samsung.android.app.shealth.intent.action.INSIGHT_HA_LOGGING_CARD_EXPOSED;package=com.sec.android.app.shealth;S.card_id=19060__29310;S.extra_llm_type=llm;S.tracker_id=tracker.vitality;end,exercise_impulse_50,exercise_impulse_50,2025-05-29 10:59:11.028,2025-05-29 10:59:11.028,0,19060,VS_VITALITYSCORE,Maintain Your Balance,3QItrwNcp5,com.sec.android.app.shealth,8358ce4b-fc52-4893-b47c-5f406d0137e2,1748476800000,
1,0,tracker.vitality,"Your sleeping heart rate is stable and excellent, indicating good recovery. Your energy score is also excellent, showing consistent effort. Continue with your current routine to maintain this balance. Consider incorporating stress-reducing activities to keep your stress levels manageable. Keep up the great work!",intent:#Intent;action=com.samsung.android.app.shealth.intent.action.INSIGHT_HA_LOGGING_CARD_EXPOSED;package=com.sec.android.app.shealth;S.card_id=19107__29338;S.extra_llm_type=llm;S.tracker_id=tracker.vitality;end,shr_balance_65,shr_balance_65,2025-05-30 12:33:27.750,2025-05-30 11:16:52.625,0,19107,VS_VITALITYSCORE,Keep Up the Great Work!,3QItrwNcp5,com.sec.android.app.shealth,f088a916-82fb-420a-8483-ef17b82d6643,1748563200000,
1,0,tracker.vitality,"Your active time yesterday was lower than your average, which is a positive change. This helps avoid overexertion. Continue prioritizing rest and recovery today to maintain your good energy score. Keep up the good work and stay focused on your health goals!",intent:#Intent;action=com.samsung.android.app.shealth.intent.action.INSIGHT_HA_LOGGING_CARD_EXPOSED;package=com.sec.android.app.shealth;S.card_id=18950__29240;S.extra_llm_type=llm;S.tracker_id=tracker.vitality;end,active_time_31,active_time_31,2025-05-31 11:27:30.233,2025-05-31 11:27:30.233,0,18950,VS_VITALITYSCORE,Prioritize Rest Today,3QItrwNcp5,com.sec.android.app.shealth,a16226f0-c643-44cc-bdd7-0eeadf83e6cf,1748649600000,
1,0,tracker.vitality,"Your active time yesterday was 2 hours and 5 minutes, which is lower than your average of 2 hours and 13 minutes. This decrease may be beneficial for avoiding overexertion. Continue to prioritize rest and recovery today to maintain your excellent energy score. Keep up the great work!",intent:#Intent;action=com.samsung.android.app.shealth.intent.action.INSIGHT_HA_LOGGING_CARD_EXPOSED;package=com.sec.android.app.shealth;S.card_id=18950__29240;S.extra_llm_type=llm;S.tracker_id=tracker.vitality;end,active_time_31,active_time_31,2025-06-01 13:39:40.534,2025-06-01 13:39:40.534,0,18950,VS_VITALITYSCORE,Prioritize Rest Today,3QItrwNcp5,com.sec.android.app.shealth,619a9897-7983-443e-b723-3dbce4470522,1748736000000,
1,0,tracker.vitality,"Your sleeping heart rate variability is well-maintained, indicating a healthy balance. This contributes to your excellent energy score of 92. Continue your healthy lifestyle habits to maintain this balance. Consider engaging in stress-reducing activities to keep your stress levels manageable. Keep up the great work!",intent:#Intent;action=com.samsung.android.app.shealth.intent.action.INSIGHT_HA_LOGGING_CARD_EXPOSED;package=com.sec.android.app.shealth;S.card_id=19082__29324;S.extra_llm_type=llm;S.tracker_id=tracker.vitality;end,shrv_balance_58,shrv_balance_58,2025-06-02 12:41:31.637,2025-06-02 12:41:31.637,0,19082,VS_VITALITYSCORE,Maintain Your Balance,3QItrwNcp5,com.sec.android.app.shealth,ebc88570-7ac5-4d27-ae5e-62c3fc4c9503,1748822400000,
1,0,tracker.vitality,"Your energy score is good today, reflecting your hard work. With a sleeping HR of 51bpm and an average sleep time of 6 hours and 52 minutes, you're on the right track. Consider aiming for around 8 hours of sleep tonight to boost your energy score. Keep up the great work and stay motivated!",intent:#Intent;action=com.samsung.android.app.shealth.intent.action.INSIGHT_HA_LOGGING_CARD_EXPOSED;package=com.sec.android.app.shealth;S.card_id=21328__32375;S.extra_llm_type=llm;S.tracker_id=tracker.vitality;end,score_76,score_76,2025-06-04 11:54:45.361,2025-06-04 11:54:45.361,0,21328,VS_VITALITYSCORE,Keep Up the Great Work!,3QItrwNcp5,com.sec.android.app.shealth,068d8aff-4827-46a1-9d16-b648ef69d188,1748995200000,
1,0,tracker.vitality,"Your sleeping heart rate grade is ""Fair(Fair)"", indicating a significant deviation from your usual average. This affects your rest and recovery. Today, focus on taking plenty of breaks and ensuring good sleep habits for a restful night. This will help improve your energy score tomorrow. Keep up the good work and stay motivated!",intent:#Intent;action=com.samsung.android.app.shealth.intent.action.INSIGHT_HA_LOGGING_CARD_EXPOSED;package=com.sec.android.app.shealth;S.card_id=21305__32361;S.extra_llm_type=llm;S.tracker_id=tracker.vitality;end,shr_balance_67,shr_balance_67,2025-06-05 12:07:40.510,2025-06-05 12:07:40.510,0,21305,VS_VITALITYSCORE,Focus on Recovery,3QItrwNcp5,com.sec.android.app.shealth,4ae7d525-fe71-49a0-a088-aef998c35256,1749081600000,
1,0,tracker.vitality,"Your active time of 3 hours and 2 minutes is higher than your recent average of 2 hours and 2 minutes, possibly affecting your energy score. Consider reducing your active time today to around 2 hours and 2 minutes. This will help maintain a more balanced fitness plan. Keep up the good work and stay consistent!",intent:#Intent;action=com.samsung.android.app.shealth.intent.action.INSIGHT_HA_LOGGING_CARD_EXPOSED;package=com.sec.android.app.shealth;S.card_id=21342__32385;S.extra_llm_type=llm;S.tracker_id=tracker.vitality;end,active_time_81,active_time_81,2025-06-06 12:44:29.120,2025-06-06 11:34:17.019,0,21342,VS_VITALITYSCORE,Balance Your Activity,3QItrwNcp5,com.sec.android.app.shealth,208383c7-a467-4664-8cbe-27f75cee3fdb,1749168000000,
1,0,tracker.vitality,"Your bedtime of 11:35 PM is contributing to a good energy score of 81. Maintaining this sleep timing can positively impact your health, reducing risks for heart disease, diabetes, and obesity. Continue with your excellent bed/wake time consistency to further enhance your energy score. Keep focusing on your health goals!",intent:#Intent;action=com.samsung.android.app.shealth.intent.action.INSIGHT_HA_LOGGING_CARD_EXPOSED;package=com.sec.android.app.shealth;S.card_id=21358__32400;S.extra_llm_type=llm;S.tracker_id=tracker.vitality;end,sleep_timing_23,sleep_timing_23,2025-06-08 13:24:34.675,2025-06-08 13:24:34.675,0,21358,VS_VITALITYSCORE,Keep Up the Good Work!,3QItrwNcp5,com.sec.android.app.shealth,183d7392-8a16-4efa-8b67-5b34b50224cb,1749340800000,
0,0,tracker.vitality,It seems like you could use a little rest today. Gentle stretching or yoga is suggested to help relieve any tension. Remember to listen carefully to what your body needs.,intent:#Intent;action=com.samsung.android.app.shealth.intent.action.INSIGHT_HA_LOGGING_CARD_EXPOSED;package=com.sec.android.app.shealth;S.card_id=21329__32377;S.extra_llm_type=rule;S.tracker_id=tracker.vitality;end,score_78,SC-16,2025-06-09 13:23:47.535,2025-06-09 13:23:47.535,0,21329,VS_VITALITYSCORE,Time to relax,3QItrwNcp5,com.sec.android.app.shealth,b21eb3b4-12fc-47ad-9c1c-bf035dacbbac,1749427200000,
1,0,tracker.vitality,"Your energy score is fair, indicating your body and mind need more rest. With a recent sleeping heart rate of 55 bpm and an average sleep time of 5 hours and 25 minutes, consider keeping a relaxed schedule today. Aim for around 8 hours of sleep tonight to improve your energy score. Prioritize rest and recovery to boost your overall health.",intent:#Intent;action=com.samsung.android.app.shealth.intent.action.INSIGHT_HA_LOGGING_CARD_EXPOSED;package=com.sec.android.app.shealth;S.card_id=21322__32371;S.extra_llm_type=llm;S.tracker_id=tracker.vitality;end,score_77,score_77,2025-06-10 12:41:27.514,2025-06-10 12:41:27.514,0,21322,VS_VITALITYSCORE,Rest and Recharge,3QItrwNcp5,com.sec.android.app.shealth,5dbd49ce-3e81-451d-aa1e-3944be9a732f,1749513600000,
1,0,tracker.vitality,"Your active time has increased to 2 hours and 17 minutes, which is a positive change. This can help reduce depression and anxiety and promote happiness. However, your energy score is good at 81. Consider prioritizing rest and recovery today to optimize your energy score for tomorrow. Keep up the good work and stay active!",intent:#Intent;action=com.samsung.android.app.shealth.intent.action.INSIGHT_HA_LOGGING_CARD_EXPOSED;package=com.sec.android.app.shealth;S.card_id=21345__32387;S.extra_llm_type=llm;S.tracker_id=tracker.vitality;end,active_time_80,active_time_80,2025-06-11 13:09:20.218,2025-06-11 13:09:20.218,0,21345,VS_VITALITYSCORE,"Stay Active, Rest Well",3QItrwNcp5,com.sec.android.app.shealth,5b0bff8f-3a78-4016-84a7-698b57e8ab42,1749600000000,
1,0,tracker.vitality,"Your increased active time of 1 hour and 56 minutes yesterday is a positive change, contributing to your excellent energy score of 88. Continue this trend to maintain your energy levels. Consider incorporating more activities that you enjoy to keep your energy high. Keep up the great work!",intent:#Intent;action=com.samsung.android.app.shealth.intent.action.INSIGHT_HA_LOGGING_CARD_EXPOSED;package=com.sec.android.app.shealth;S.card_id=21204__32297;S.extra_llm_type=llm;S.tracker_id=tracker.vitality;end,active_time_30,active_time_30,2025-06-12 12:54:50.551,2025-06-12 12:54:50.551,0,21204,VS_VITALITYSCORE,Keep Up the Great Work!,3QItrwNcp5,com.sec.android.app.shealth,9ed0c0cc-9ae1-46d5-a60b-6a44d93396ee,1749686400000,
1,0,tracker.vitality,"Your energy score is excellent, indicating you're ready for any physical and mental activities today. With a sleeping HR of 52bpm, your heart rate is in a healthy zone. Consider maintaining your current habits to keep this momentum. Keep up the good work and stay focused on your health goals!",intent:#Intent;action=com.samsung.android.app.shealth.intent.action.INSIGHT_HA_LOGGING_CARD_EXPOSED;package=com.sec.android.app.shealth;S.card_id=21314__32367;S.extra_llm_type=llm;S.tracker_id=tracker.vitality;end,score_73,score_73,2025-06-13 14:28:22.705,2025-06-13 14:28:22.705,0,21314,VS_VITALITYSCORE,Keep Up the Great Work!,3QItrwNcp5,com.sec.android.app.shealth,e57d13dd-ce7d-409d-83b3-9a20f6137693,1749772800000,
1,0,tracker.vitality,"Your active time decreased to 19 minutes yesterday, contributing to a lower energy score. Long sedentary periods can increase fatigue and illness risk. Consider incorporating small changes like standing more, stretching, or taking quick strolls. Aim for today's target of 1,800 steps. Keep moving towards better health!",intent:#Intent;action=com.samsung.android.app.shealth.intent.action.INSIGHT_HA_LOGGING_CARD_EXPOSED;package=com.sec.android.app.shealth;S.card_id=21192__32291;S.extra_llm_type=llm;S.tracker_id=tracker.vitality;end,active_time_35,active_time_35,2025-06-17 05:18:24.061,2025-06-16 14:41:20.491,0,21192,VS_VITALITYSCORE,Boost Your Active Time,3QItrwNcp5,com.sec.android.app.shealth,46ce9983-b47d-411f-8197-4964aa7cecf9,1750032000000,
1,0,tracker.vitality,"Your active time of 3 hours and 56 minutes yesterday is significantly higher than your recent average of 1 hour and 37 minutes, possibly affecting your energy score. Consider reducing your active time to today's target of 2 hours. This will help maintain a more balanced fitness plan. Keep up the good work!",intent:#Intent;action=com.samsung.android.app.shealth.intent.action.INSIGHT_HA_LOGGING_CARD_EXPOSED;package=com.sec.android.app.shealth;S.card_id=21343__32385;S.extra_llm_type=llm;S.tracker_id=tracker.vitality;end,active_time_81,active_time_81,2025-06-17 13:07:12.199,2025-06-17 13:07:12.199,0,21343,VS_VITALITYSCORE,Balance Your Activity,3QItrwNcp5,com.sec.android.app.shealth,85ef4f89-07f9-4f83-bdf6-6a0c3bbcb9b3,1750118400000,
1,0,tracker.vitality,"Your active time yesterday was lower than your average, which is a positive change to avoid overexertion. With an energy score of 82, prioritizing rest and recovery today will help improve your energy score. Consider engaging in light activities and relaxation to support your recovery. Keep up the good work and stay focused on your health goals!",intent:#Intent;action=com.samsung.android.app.shealth.intent.action.INSIGHT_HA_LOGGING_CARD_EXPOSED;package=com.sec.android.app.shealth;S.card_id=21184__32287;S.extra_llm_type=llm;S.tracker_id=tracker.vitality;end,active_time_31,active_time_31,2025-06-18 13:08:55.739,2025-06-18 13:08:55.739,0,21184,VS_VITALITYSCORE,Prioritize Rest Today,3QItrwNcp5,com.sec.android.app.shealth,3bfd33f8-506f-46b4-8f7b-c5487188c9b0,1750204800000,
1,0,tracker.vitality,Consuming alcohol or eating late at night before bed can reduce your sleep quality and affect your energy score. Consider avoiding these habits to improve your sleep and feel more rested. Focus on maintaining a consistent sleep schedule and avoiding late-night snacks. Keep up the good work and aim for better sleep tonight!,intent:#Intent;action=com.samsung.android.app.shealth.intent.action.INSIGHT_HA_LOGGING_CARD_EXPOSED;package=com.sec.android.app.shealth;S.card_id=21334__32379;S.extra_llm_type=llm;S.tracker_id=tracker.vitality;end,behavior_check_before_sleep_72,behavior_check_before_sleep_72,2025-06-19 12:57:59.528,2025-06-19 12:57:59.528,0,21334,VS_VITALITYSCORE,Improve Sleep Quality,3QItrwNcp5,com.sec.android.app.shealth,e8c5db21-8581-4840-8fbb-2b6dc60d4bc2,1750291200000,
1,0,tracker.vitality,"Your sleeping heart rate variability has deviated considerably from its standard level, likely due to stress. This is affecting your energy score, which is currently at 75 (good). Consider making time for rest and stress-relieving activities today. Keep focusing on your health goals!",intent:#Intent;action=com.samsung.android.app.shealth.intent.action.INSIGHT_HA_LOGGING_CARD_EXPOSED;package=com.sec.android.app.shealth;S.card_id=21279__32345;S.extra_llm_type=llm;S.tracker_id=tracker.vitality;end,shrv_balance_59,shrv_balance_59,2025-06-20 12:47:50.015,2025-06-20 12:47:50.015,0,21279,VS_VITALITYSCORE,Manage Your Stress,3QItrwNcp5,com.sec.android.app.shealth,39359b58-6f6b-4f29-bf62-0820adaab66b,1750377600000,
1,0,tracker.vitality,"Your sleeping heart rate variability is excellent, indicating recovery and balance. This stability is key to maintaining your energy score. Continue with your current healthy habits, including regular activity and adequate sleep. Aim for consistent activity levels to keep your energy score high. Keep up the great work!",intent:#Intent;action=com.samsung.android.app.shealth.intent.action.INSIGHT_HA_LOGGING_CARD_EXPOSED;package=com.sec.android.app.shealth;S.card_id=21271__32341;S.extra_llm_type=llm;S.tracker_id=tracker.vitality;end,shrv_balance_57,shrv_balance_57,2025-06-21 14:16:00.518,2025-06-21 14:16:00.518,0,21271,VS_VITALITYSCORE,Maintain Your Balance,3QItrwNcp5,com.sec.android.app.shealth,04eaf13e-fbf3-4801-b7ad-b2205b2bce9f,1750464000000,
0,0,tracker.vitality,"Your energy score isn't high today, but it doesn't mean your efforts are compromised. Sometimes our bodies send signals asking for more rest. When that happens, it's OK to listen and take a little extra time to chill.",intent:#Intent;action=com.samsung.android.app.shealth.intent.action.INSIGHT_HA_LOGGING_CARD_EXPOSED;package=com.sec.android.app.shealth;S.card_id=21320__32371;S.extra_llm_type=rule;S.tracker_id=tracker.vitality;end,score_77,SC-13,2025-06-22 17:40:13.317,2025-06-22 17:40:13.317,0,21320,VS_VITALITYSCORE,Take it easy,3QItrwNcp5,com.sec.android.app.shealth,d54b4f60-b7a1-4ebc-827f-8137269d62d7,1750550400000,
1,0,tracker.vitality,"Your energy score is good today, reflecting your hard work. With a recent mean sleep time of 6 hours and 24 minutes, consider aiming for around 8 hours of sleep tonight to boost your energy score tomorrow. Keep up the great work and stay motivated!",intent:#Intent;action=com.samsung.android.app.shealth.intent.action.INSIGHT_HA_LOGGING_CARD_EXPOSED;package=com.sec.android.app.shealth;S.card_id=21326__32375;S.extra_llm_type=llm;S.tracker_id=tracker.vitality;end,score_76,score_76,2025-06-24 13:09:32.749,2025-06-24 13:09:32.749,0,21326,VS_VITALITYSCORE,Keep Up the Great Work!,3QItrwNcp5,com.sec.android.app.shealth,ba876302-17f3-42de-a3a4-86918b8db4f6,1750723200000,
0,0,tracker.vitality,"Your energy score is good today, illustrating that what you're doing to maintain your health is working. Small steps lead to big achievements. Well done!",intent:#Intent;action=com.samsung.android.app.shealth.intent.action.INSIGHT_HA_LOGGING_CARD_EXPOSED;package=com.sec.android.app.shealth;S.card_id=24733__36597;S.extra_llm_type=rule;S.tracker_id=tracker.vitality;end,score_76,SC-11,2025-06-27 13:50:25.446,2025-06-27 13:50:25.446,0,24733,VS_VITALITYSCORE,Repair in progress,3QItrwNcp5,com.sec.android.app.shealth,12205f63-654f-4bb4-b71e-b3bdbe88d167,1750982400000,
1,0,tracker.vitality,"Your moderate-to-vigorous exercise time of 22 minutes yesterday is appropriate, even though it was shorter than usual. This helps maintain your energy score of 81, which is good. Continue with this exercise duration to avoid overexertion. Consider focusing on improving your sleep duration to further enhance your energy. Keep up the great work!",intent:#Intent;action=com.samsung.android.app.shealth.intent.action.INSIGHT_HA_LOGGING_CARD_EXPOSED;package=com.sec.android.app.shealth;S.card_id=24648__36543;S.extra_llm_type=llm;S.tracker_id=tracker.vitality;end,exercise_time_42,exercise_time_42,2025-06-28 12:42:43.177,2025-06-28 12:42:43.177,0,24648,VS_VITALITYSCORE,Maintain Your Balance,3QItrwNcp5,com.sec.android.app.shealth,7df5c81b-1d99-4045-859e-4b5c9abf9798,1751068800000,
0,0,tracker.vitality,"Your sleeping HRV and REM sleep were lower than usual last night and your heart rate took longer to come down. Some things that can contribute to getting less-refreshing sleep include exercising, drinking alcohol, or eating right before bed.",intent:#Intent;action=com.samsung.android.app.shealth.intent.action.INSIGHT_HA_LOGGING_CARD_EXPOSED;package=com.sec.android.app.shealth;S.card_id=24740__36601;S.extra_llm_type=rule;S.tracker_id=tracker.vitality;end,behavior_check_before_sleep_72,SHT-3,2025-06-29 14:09:15.656,2025-06-29 14:09:15.656,0,24740,VS_VITALITYSCORE,Sleep is compromised,3QItrwNcp5,com.sec.android.app.shealth,460755b9-188e-4371-acbd-bfc7dbea606d,1751155200000,
0,0,tracker.vitality,Your sleeping heart rate is at a healthy level and appears to be under control. Great job! Keep prioritising healthy choices to make sure you feel your best every day.,intent:#Intent;action=com.samsung.android.app.shealth.intent.action.INSIGHT_HA_LOGGING_CARD_EXPOSED;package=com.sec.android.app.shealth;S.card_id=24709__36581;S.extra_llm_type=rule;S.tracker_id=tracker.vitality;end,shr_balance_66,HR-2-2,2025-06-30 14:16:18.292,2025-06-30 14:16:18.292,0,24709,VS_VITALITYSCORE,Sleep pro,3QItrwNcp5,com.sec.android.app.shealth,fd529161-f2e5-422c-bbc6-c0b3772e1e4e,1751241600000,
0,0,tracker.vitality,"It seems that you've been maintaining your sleeping HRV well lately, suggesting that your mind and body are quite comfortable. Keep up the good work and continue to prioritise your health.",intent:#Intent;action=com.samsung.android.app.shealth.intent.action.INSIGHT_HA_LOGGING_CARD_EXPOSED;package=com.sec.android.app.shealth;S.card_id=24681__36565;S.extra_llm_type=rule;S.tracker_id=tracker.vitality;end,shrv_balance_58,HV-3-1,2025-07-01 13:31:00.967,2025-07-01 13:31:00.967,0,24681,VS_VITALITYSCORE,Relaxation mode on,3QItrwNcp5,com.sec.android.app.shealth,ae500a7d-4699-42c8-b5a6-44762f872e57,1751328000000,
0,0,tracker.vitality,"Last night your heart rate took a while to settle down and your REM sleep and sleeping HRV were lower than usual. Some activities, when done before bed, can reduce recovery during sleep. Examples are exercising, drinking alcohol, or eating a meal.",intent:#Intent;action=com.samsung.android.app.shealth.intent.action.INSIGHT_HA_LOGGING_CARD_EXPOSED;package=com.sec.android.app.shealth;S.card_id=24738__36601;S.extra_llm_type=rule;S.tracker_id=tracker.vitality;end,behavior_check_before_sleep_72,SHT-1,2025-07-02 13:16:47.875,2025-07-02 09:23:31.551,0,24738,VS_VITALITYSCORE,Sleep is compromised,3QItrwNcp5,com.sec.android.app.shealth,36fae5bc-c94f-4dc2-9892-516320915a62,1751414400000,
1,0,tracker.vitality,"Your excellent sleeping heart rate variability indicates a healthy balance, contributing to your high energy score. Maintaining this balance is crucial for your overall health. Consider incorporating stress-reducing activities today to keep your stress levels manageable. Keep up the great work!",intent:#Intent;action=com.samsung.android.app.shealth.intent.action.INSIGHT_HA_LOGGING_CARD_EXPOSED;package=com.sec.android.app.shealth;S.card_id=24680__36565;S.extra_llm_type=llm;S.tracker_id=tracker.vitality;end,shrv_balance_58,shrv_balance_58,2025-07-03 13:07:15.105,2025-07-03 13:07:15.105,0,24680,VS_VITALITYSCORE,Maintaining Balance,3QItrwNcp5,com.sec.android.app.shealth,b7b4b6a2-5779-4c3b-adb4-510a784574d7,1751500800000,
1,0,tracker.vitality,"Your energy score is fair at 67, indicating your body and mind need more rest. With a recent mean sleep time of 6 hours and 8 minutes, consider aiming for around 8 hours of sleep tonight. This will help improve your energy score tomorrow. Keep focusing on your health goals!",intent:#Intent;action=com.samsung.android.app.shealth.intent.action.INSIGHT_HA_LOGGING_CARD_EXPOSED;package=com.sec.android.app.shealth;S.card_id=24727__36593;S.extra_llm_type=llm;S.tracker_id=tracker.vitality;end,score_77,score_77,2025-07-04 19:14:37.133,2025-07-04 19:14:37.133,0,24727,VS_VITALITYSCORE,Take It Easy Today,3QItrwNcp5,com.sec.android.app.shealth,897a2bc1-7528-4164-bf60-80c367718a49,1751587200000,
0,0,tracker.vitality,"You spent less time on physical activity yesterday than you have been recently. Work on increasing the amount of exercise and movement in your day to day. Whether it's big or small changes, the goal is to get up and get that blood flowing.",intent:#Intent;action=com.samsung.android.app.shealth.intent.action.INSIGHT_HA_LOGGING_CARD_EXPOSED;package=com.sec.android.app.shealth;S.card_id=24621__36527;S.extra_llm_type=rule;S.tracker_id=tracker.vitality;end,active_time_34,AT-14,2025-07-05 13:05:29.184,2025-07-05 13:05:29.184,0,24621,VS_VITALITYSCORE,Step it up,3QItrwNcp5,com.sec.android.app.shealth,4a39eee4-06ae-455f-b0c7-8a9f84fefce3,1751673600000,
1,0,tracker.vitality,"Your moderate-to-vigorous exercise time of 20 minutes yesterday was appropriate, contributing to your good energy score. Keep this consistency to maintain your fitness level. Consider aiming for around 8 hours of sleep tonight to further improve your energy score. Stay focused on your health goals!",intent:#Intent;action=com.samsung.android.app.shealth.intent.action.INSIGHT_HA_LOGGING_CARD_EXPOSED;package=com.sec.android.app.shealth;S.card_id=24637__36535;S.extra_llm_type=llm;S.tracker_id=tracker.vitality;end,exercise_time_43,exercise_time_43,2025-07-06 15:25:45.283,2025-07-06 15:25:45.283,0,24637,VS_VITALITYSCORE,Consistency is Key!,3QItrwNcp5,com.sec.android.app.shealth,53ae43b8-62f2-4714-8c8b-ef88cfca77c9,1751760000000,
0,0,tracker.vitality,You had a fantastic balance of activity level and amount of activity in the past week. Notice a difference in how you feel? That's the positive vibes from staying consistent. Keep it up!,intent:#Intent;action=com.samsung.android.app.shealth.intent.action.INSIGHT_HA_LOGGING_CARD_EXPOSED;package=com.sec.android.app.shealth;S.card_id=24484__36419;S.extra_llm_type=rule;S.tracker_id=tracker.vitality;end,activity_consistency_83,AC-3,2025-07-07 15:21:36.410,2025-07-07 15:21:36.410,0,24484,VS_VITALITYSCORE,Perfect consistency,3QItrwNcp5,com.sec.android.app.shealth,d55b0494-5306-462e-b5f6-13ab421a63ad,1751846400000,
1,0,tracker.vitality,"Sleeping at 12:49 AM is contributing to your good energy score of 82. Maintaining this bedtime can help lower risks for heart disease, diabetes, and obesity. Continue with your current sleep patterns to improve your energy score. Keep up the good work!",intent:#Intent;action=com.samsung.android.app.shealth.intent.action.INSIGHT_HA_LOGGING_CARD_EXPOSED;package=com.sec.android.app.shealth;S.card_id=24762__36622;S.extra_llm_type=llm;S.tracker_id=tracker.vitality;end,sleep_timing_23,sleep_timing_23,2025-07-08 13:16:45.286,2025-07-08 13:16:45.286,0,24762,VS_VITALITYSCORE,Maintain Your Sleep Routine,3QItrwNcp5,com.sec.android.app.shealth,6f5501fb-d1f4-486a-9791-8185699e5aac,1751932800000,
0,0,tracker.vitality,"Last night your heart rate took a while to settle down and your REM sleep and sleeping HRV were lower than usual. Some activities, when done before bed, can reduce recovery during sleep. Examples are exercising, drinking alcohol, or eating a meal.",intent:#Intent;action=com.samsung.android.app.shealth.intent.action.INSIGHT_HA_LOGGING_CARD_EXPOSED;package=com.sec.android.app.shealth;S.card_id=24738__36601;S.extra_llm_type=rule;S.tracker_id=tracker.vitality;end,behavior_check_before_sleep_72,SHT-1,2025-07-10 12:26:30.811,2025-07-10 12:26:30.811,0,24738,VS_VITALITYSCORE,Sleep is compromised,3QItrwNcp5,com.sec.android.app.shealth,aa263d66-88c6-4abf-8475-3f63b92e4be2,1752105600000,
1,0,tracker.vitality,"Your sleeping heart rate is excellent and stable, contributing to your body's recovery. With an energy score of 85, you're doing well. Continue with your current routine to maintain this level of health. Keep focusing on your well-being and enjoy the progress you've made!",intent:#Intent;action=com.samsung.android.app.shealth.intent.action.INSIGHT_HA_LOGGING_CARD_EXPOSED;package=com.sec.android.app.shealth;S.card_id=24704__36579;S.extra_llm_type=llm;S.tracker_id=tracker.vitality;end,shr_balance_65,shr_balance_65,2025-07-11 12:03:51.862,2025-07-11 12:03:51.862,0,24704,VS_VITALITYSCORE,Keep Up the Great Work!,3QItrwNcp5,com.sec.android.app.shealth,966d0bac-a097-43c5-962f-666a551e7d00,1752192000000,
0,0,tracker.vitality,"Yesterday's moderate to vigorous intensity exercise time was longer than usual. Excessive exercise can cause chronic fatigue and injury to muscles, joints, and other parts of the body. Try to cut your workout time or intensity back to its usual or opt to increase it, but only gradually. You can also boost your resting time to avoid any potential issues as well.",intent:#Intent;action=com.samsung.android.app.shealth.intent.action.INSIGHT_HA_LOGGING_CARD_EXPOSED;package=com.sec.android.app.shealth;S.card_id=24651__36545;S.extra_llm_type=rule;S.tracker_id=tracker.vitality;end,exercise_time_44,ET-10,2025-07-12 12:05:12.336,2025-07-12 12:05:12.336,0,24651,VS_VITALITYSCORE,Don't push it,3QItrwNcp5,com.sec.android.app.shealth,51880d9a-6393-423d-a880-afe4c5dea28a,1752278400000,
1,0,tracker.vitality,"Your moderate-to-vigorous exercise time of 50 minutes yesterday was appropriate, contributing to a good energy score. However, your recent stress level is medium, which may be affecting your sleep and overall energy. Consider incorporating stress-reducing activities today. Keep up the good work and stay consistent!",intent:#Intent;action=com.samsung.android.app.shealth.intent.action.INSIGHT_HA_LOGGING_CARD_EXPOSED;package=com.sec.android.app.shealth;S.card_id=24636__36535;S.extra_llm_type=llm;S.tracker_id=tracker.vitality;end,exercise_time_43,exercise_time_43,2025-07-13 15:15:34.533,2025-07-13 13:04:07.407,0,24636,VS_VITALITYSCORE,Consistency is Key!,3QItrwNcp5,com.sec.android.app.shealth,1e250e09-d9c2-4d69-834b-0b8d1f16da46,1752364800000,
1,0,tracker.vitality,"Your energy score is good today, reflecting your hard work. With a recent mean sleep time of 5 hours and 41 minutes, consider aiming for around 8 hours of sleep tonight to improve your energy score. Keep up the great work and stay motivated!",intent:#Intent;action=com.samsung.android.app.shealth.intent.action.INSIGHT_HA_LOGGING_CARD_EXPOSED;package=com.sec.android.app.shealth;S.card_id=24733__36597;S.extra_llm_type=llm;S.tracker_id=tracker.vitality;end,score_76,score_76,2025-07-14 14:55:02.884,2025-07-14 14:55:02.884,0,24733,VS_VITALITYSCORE,Keep Up the Great Work!,3QItrwNcp5,com.sec.android.app.shealth,2223fa7c-a1bf-4d91-8bba-16770290a9d6,1752451200000,
1,0,tracker.vitality,"Your energy score is good today, reflecting your hard work. With a recent mean sleep time of 5 hours and 43 minutes, consider aiming for around 8 hours of sleep tonight to improve your energy score. Keep up the great work and stay motivated!",intent:#Intent;action=com.samsung.android.app.shealth.intent.action.INSIGHT_HA_LOGGING_CARD_EXPOSED;package=com.sec.android.app.shealth;S.card_id=24734__36597;S.extra_llm_type=llm;S.tracker_id=tracker.vitality;end,score_76,score_76,2025-07-15 13:13:02.265,2025-07-15 13:13:02.265,0,24734,VS_VITALITYSCORE,Keep Up the Great Work!,3QItrwNcp5,com.sec.android.app.shealth,4398f243-4f85-4c34-89c3-c6976c560a3b,1752537600000,
1,0,tracker.vitality,"Your moderate-to-vigorous exercise time of 27 minutes yesterday was appropriate, contributing to your excellent energy score. Keep this consistency to maintain your high energy levels. Consider aiming for around 8 hours of sleep to further support your energy. Stay focused on your health goals!",intent:#Intent;action=com.samsung.android.app.shealth.intent.action.INSIGHT_HA_LOGGING_CARD_EXPOSED;package=com.sec.android.app.shealth;S.card_id=24635__36535;S.extra_llm_type=llm;S.tracker_id=tracker.vitality;end,exercise_time_43,exercise_time_43,2025-07-16 13:10:35.985,2025-07-16 13:10:35.985,0,24635,VS_VITALITYSCORE,Consistency is Key!,3QItrwNcp5,com.sec.android.app.shealth,bc035567-8d8d-4f45-8ba6-511453ea1be0,1752624000000,
1,0,tracker.vitality,"Your sleeping heart rate is excellent and stable, contributing to your body's recovery. With an energy score of 91, you're doing great. Continue with your current routine to maintain this level of health. Consider reducing stress to further enhance your well-being. Keep up the good work!",intent:#Intent;action=com.samsung.android.app.shealth.intent.action.INSIGHT_HA_LOGGING_CARD_EXPOSED;package=com.sec.android.app.shealth;S.card_id=24704__36579;S.extra_llm_type=llm;S.tracker_id=tracker.vitality;end,shr_balance_65,shr_balance_65,2025-07-17 13:04:51.123,2025-07-17 13:04:51.123,0,24704,VS_VITALITYSCORE,Keep Up the Great Work!,3QItrwNcp5,com.sec.android.app.shealth,93ea7488-6caf-4815-b424-552321a401ab,1752710400000,
1,0,tracker.vitality,"Your sleeping heart rate is stable and in the excellent range, contributing to your body's recovery. With an excellent energy score, you can resume physical activity. Consider maintaining your current activity levels and aim for a medium stress level to support your recovery. Keep up the great work!",intent:#Intent;action=com.samsung.android.app.shealth.intent.action.INSIGHT_HA_LOGGING_CARD_EXPOSED;package=com.sec.android.app.shealth;S.card_id=24707__36581;S.extra_llm_type=llm;S.tracker_id=tracker.vitality;end,shr_balance_66,shr_balance_66,2025-07-18 14:13:14.456,2025-07-18 14:13:14.456,0,24707,VS_VITALITYSCORE,Keep Up the Great Work!,3QItrwNcp5,com.sec.android.app.shealth,87d75abf-bf35-45fb-8e50-4b286241f5ff,1752796800000,
