com.samsung.health.food_info,6302031,7
potassium,vitamin_a,vitamin_c,vitamin_d,cholesterol,description,custom,provider_food_id,metric_serving_amount,sodium,dietary_fiber,total_fat,update_time,create_time,monosaturated_fat,protein,polysaturated_fat,iron,name,sugar,added_sugar,calcium,calorie,serving_description,info_provider,deviceuuid,metric_serving_unit,saturated_fat,trans_fat,pkg_name,carbohydrate,unit_count_per_calorie,datauuid,default_number_of_serving_unit
126.0,0.0,0.0,0.0,0.0,,,fatsecret-4481,234,278.0,3.7,2.39,2025-01-29 16:14:01.683,2025-01-29 16:14:01.683,0.748,6.06,0.87,8.444445,Oatmeal,0.56,,1.7692307,145.0,"cup, cooked",,EmOHuC/o0o,g,0.421,,com.sec.android.app.shealth,25.37,1.6137931,d63e50a8-852c-4225-aeba-23d046d9beb8,1,
413.0,0.22222222,10.111112,0.0,0.0,"119 kcal, Per 100g",,fatsecret-38269,240,718.0,10.6,2.74,2023-06-20 17:41:28.646,2023-06-20 17:41:28.646,0.617,11.88,1.224,18.0,"Chickpeas (Garbanzo Beans, Bengal Gram) (Mature Seeds, Canned)",,,5.923077,286.0,cup,,EmOHuC/o0o,g,0.283,,com.sec.android.app.shealth,54.29,0.83916086,3b9f1e82-5b71-40ec-8e9f-2d8c0b0c2ee7,1,
0.0,0.0,0.0,0.0,0.0,"156 kcal, Per 1 serving (40g)",,fatsecret-67529717,40,60.0,,0.0,2023-06-20 17:41:28.646,2023-06-20 17:41:28.646,0.0,3.0,0.0,0.0,Chemba Puttu(Double Horse),,,0.0,156.0,serving,,EmOHuC/o0o,g,0.0,0.0,com.sec.android.app.shealth,36.0,0.25641027,14b6cdc7-a4ae-4202-bbff-143360c53a1f,1,
434.0,7.111111,25.222221,0.0,0.0,"84 kcal, Per 100g",,fatsecret-36838,160,382.0,8.8,0.35,2023-06-20 17:43:02.996,2023-06-20 17:43:02.996,0.03,8.58,0.163,13.666667,"Green Peas (with Salt, Drained, Cooked, Boiled)",9.49,,3.3076923,134.0,cup,,EmOHuC/o0o,g,0.062,,com.sec.android.app.shealth,25.02,1.1940298,fc93151d-93a2-4a4f-b4d5-a3aadc96d460,1,
,0.0,0.0,0.0,0.0,,,fatsecret-65916974,100,7734.0,,2.4,2024-08-05 17:56:14.371,2024-08-05 17:56:14.371,,5.7,,0.0,Manchurian Powder(Ching's Secret),15.0,,0.0,288.0,serving,,EmOHuC/o0o,g,0.4,0.0,com.sec.android.app.shealth,60.8,0.3472222,ecc9096e-a7e6-446c-b740-22681378b0e7,1,
50.0,6.7777777,0.0,0.0,151.0,,,fatsecret-3093,37,132.0,0.0,4.52,2024-08-05 17:56:14.371,2024-08-05 17:56:14.371,1.796,4.55,0.724,3.0555556,Cooked Egg,0.42,,1.6153846,62.0,small,,EmOHuC/o0o,g,1.337,,com.sec.android.app.shealth,0.47,0.5967742,e2c9b4d6-af02-4be7-b573-1bed5f5c368a,1,
426.0,0.44444445,11.555555,0.0,0.0,,,fatsecret-5389,119,1.0,3.1,0.39,2024-08-05 17:58:50.730,2024-08-05 17:58:50.730,0.038,1.3,0.087,1.7222222,Ripe White Banana (Guineo Blanco Maduro),14.55,,0.46153846,106.0,fruit,,EmOHuC/o0o,g,0.133,,com.sec.android.app.shealth,27.18,1.1226416,a75c8782-eaa8-4b64-80f6-2f14087d31cf,1,
,0.0,0.0,0.0,,,,fatsecret-48624107,20,1720.0,,0.1,2024-08-06 03:39:02.995,2024-08-06 03:39:02.995,,0.2,,0.0,Veg Manchurian Masala(Ching's Secret),0.1,,0.0,60.0,serving,,EmOHuC/o0o,g,0.0,0.0,com.sec.android.app.shealth,14.4,0.33333334,01e32498-bd84-47d3-8ab1-b83357047847,1,
,0.0,0.0,0.0,,,,fatsecret-56771399,67,,,0.0,2024-08-06 09:38:26.618,2024-08-06 09:38:26.618,,0.0,,0.0,Orange Mahabar(Kwality Wall's),13.0,,0.0,55.0,serving,,EmOHuC/o0o,g,,,com.sec.android.app.shealth,13.7,1.2181818,1b5e6d36-f596-407b-8df4-5ffada11b07d,1,
141.0,46.444443,0.0,0.0,14.0,,,fatsecret-4374,100,720.0,2.5,9.55,2024-08-06 16:32:42.357,2024-08-06 16:32:42.357,5.103,7.3,1.85,37.5,Plain Waffle,4.72,,23.307692,310.0,g,,EmOHuC/o0o,g,1.957,,com.sec.android.app.shealth,48.84,0.32258064,e9b6c252-b80b-4b08-a2cd-63df206f17a1,100,
220.0,5.5555553,0.0,0.0,92.0,,,fatsecret-1695,100,406.0,0.0,15.36,2024-08-06 16:48:12.776,2024-08-05 17:58:50.730,6.099,24.85,3.392,7.388889,Chicken Thigh,0.0,,0.9230769,245.0,g,,EmOHuC/o0o,g,4.294,,com.sec.android.app.shealth,0.0,0.40816328,6ef7ef4c-2442-48ca-a18b-465b58c17385,100,
,0.0,0.0,0.0,,,,fatsecret-70931596,100,,,19.7,2024-08-06 16:48:12.808,2024-08-06 16:48:12.808,,5.2,,0.0,Oreo Strawberry(Cadbury),38.4,,0.0,483.0,serving,,EmOHuC/o0o,g,9.8,,com.sec.android.app.shealth,71.5,0.20703934,77f70ec2-e3d5-4541-9368-d036e4e9e990,1,
0.0,0.0,0.0,0.0,0.0,"44.0 kcal, 1",,quickinput-533603f3-c40c-4188-97ee-a1be0443c1bb,1,9.3,0.0,1.5,2024-08-06 16:48:12.740,2024-08-06 16:42:11.580,0.0,0.5,0.0,0.0,Milkybar Choo,5.2,0.0,0.0,44.0,serving,,EmOHuC/o0o,120001,1.3,0.0,com.sec.android.app.shealth,6.9,1.0,b4c577de-79c0-4971-b01a-22abf0198219,1,
54.0,0.0,0.0,0.0,0.0,,,fatsecret-3102,33,55.0,0.0,0.06,2025-03-06 10:52:01.278,2024-08-05 18:01:02.368,0.0,3.6,0.0,0.16666667,Egg White,0.23,,0.15384616,17.0,large egg white,,3QItrwNcp5,g,0.0,,com.sec.android.app.shealth,0.24,1.9285715,49569d06-432e-46cb-81ac-fe16021d35ad,1,
4.0,0.0,0.0,0.0,0.0,,,fatsecret-37782,369,37.0,0.0,0.0,2024-08-07 17:30:02.012,2024-08-07 17:30:02.012,0.0,0.33,0.0,0.3888889,Lemon-Lime Soda (with Caffeine),37.6,,0.53846157,151.0,can 12 fl oz,,EmOHuC/o0o,g,0.0,,com.sec.android.app.shealth,38.45,2.4437087,04981a66-62ae-4a92-bd8e-9ca681cff81a,1,
463.0,0.44444445,14.111111,0.0,0.0,,,fatsecret-5394,128,1.0,3.7,0.47,2024-08-08 05:46:33.248,2024-08-08 05:46:33.248,0.049,1.56,0.108,2.0555556,Baked Banana,26.24,,0.61538464,163.0,banana (7-1/4" long),,EmOHuC/o0o,g,0.16,,com.sec.android.app.shealth,41.78,0.78527606,d4505fbd-1933-4a87-86c6-77b0ff26e1ee,1,
237.0,4.6666665,14.111111,0.0,0.0,,,fatsecret-6138,100,5.0,1.2,0.2,2024-08-08 05:47:24.832,2024-08-08 05:47:24.832,0.051,0.88,0.135,1.5000001,Tomatoes,2.63,,0.7692308,18.0,g,,EmOHuC/o0o,g,0.046,,com.sec.android.app.shealth,3.92,5.5555553,b100631b-1759-4ee1-8b5c-cff2aea87435,100,
,0.0,0.0,0.0,28.0,,,fatsecret-80133824,60,279.0,,14.0,2024-08-08 07:56:53.036,2024-08-08 07:56:53.036,,6.6,,0.0,"Paneer Tikka, Cottage Cheese(Subway)",0.4,0.0,0.0,168.0,serving,,EmOHuC/o0o,g,7.0,0.0,com.sec.android.app.shealth,4.0,0.35714287,278e506f-8bda-4c74-a7a0-fdf564e7b9f4,1,
67.4,0.0,0.0,0.0,0.0,"175.0 kcal, 1",,quickinput-c7bade95-72b3-452a-9fe0-927bf220d37d,1,3.2,0.0,6.4,2024-08-09 14:50:28.699,2024-08-09 14:46:31.936,0.0,2.6,0.0,0.0,Lemon Rice,0.0,0.0,0.0,175.0,serving,,EmOHuC/o0o,120001,0.0,0.0,com.sec.android.app.shealth,26.7,1.0,e974c5b1-638f-4319-9824-7d97a86afd5f,1,
0.0,0.0,0.0,0.0,0.0,"690.0 kcal, 1",,quickinput-c0eb06ad-3250-478f-8cb0-09dc36b227b9,1,0.0,0.0,0.0,2024-08-09 16:41:39.803,2024-08-09 16:41:36.435,0.0,22.0,0.0,0.0,Pesto Buddha Bowl,0.0,0.0,0.0,690.0,serving,,EmOHuC/o0o,120001,0.0,0.0,com.sec.android.app.shealth,0.0,1.0,d4eb620a-d20f-4cd1-b398-f75d8922b965,1,
65.0,0.0,0.0,0.0,,,,fatsecret-2363336,500,240.0,,0.0,2024-08-09 16:42:20.280,2024-08-09 16:42:20.280,,0.0,,0.0,Flavored Energy Drink(Gatorade),30.0,,0.0,120.0,serving,,EmOHuC/o0o,ml,,,com.sec.android.app.shealth,30.0,,64801d7b-82cf-4b23-8f2e-02423f9f6961,1,
,0.0,0.0,0.0,,,,fatsecret-63759413,100,14.0,,0.0,2024-08-11 06:50:57.137,2024-08-11 06:50:57.137,,0.0,,0.0,Charged(Thums Up),15.3,,0.0,62.0,serving,,EmOHuC/o0o,ml,,,com.sec.android.app.shealth,15.4,,3c52aede-3751-4a34-8e27-f08009e2862b,1,
0.0,0.0,0.0,0.0,0.0,"824.0 kcal, 1",,quickinput-b62d4897-0cc2-474b-a7d8-12c6e9fed4fc,1,0.0,12.0,35.0,2024-08-12 07:03:57.518,2024-08-12 07:03:45.951,0.0,82.0,0.0,0.0,Chicken Tikka Super Bowl,0.0,0.0,0.0,824.0,serving,,EmOHuC/o0o,120001,0.0,0.0,com.sec.android.app.shealth,45.0,1.0,7e0e532f-991f-45f8-8a25-2002288bc589,1,
,0.0,0.0,0.0,,,,fatsecret-2523371,100,,,0.0,2024-08-12 07:01:36.133,2024-08-12 07:01:36.133,,1.0,,0.0,Rice Idli(Hommade),,,0.0,62.0,serving,,EmOHuC/o0o,g,,,com.sec.android.app.shealth,15.0,1.6129032,fe21c132-8729-4dc3-94ec-e8345384a1ce,1,
198.0,1.8888888,6.5555553,0.0,32.0,,,fatsecret-2654,100,40.0,0.8,1.45,2024-08-13 06:35:39.547,2024-08-13 06:35:39.547,0.477,12.31,0.338,3.5,"Chicken or Turkey Garden Salad (Chicken and/or Turkey, Other Vegetables Excluding Tomato and Carrots)",1.13,,1.3846154,72.0,g,,EmOHuC/o0o,g,0.399,,com.sec.android.app.shealth,1.93,1.3888888,64f88d14-4284-4ac6-a2d4-9304e8a58f06,100,
,0.0,0.0,0.0,0.0,,,fatsecret-38475007,100,537.0,1.1,21.8,2025-03-07 16:39:54.281,2024-08-13 06:36:11.930,8.8,7.2,3.1,0.0,Bhelpuri & Sevpuri(Garden),8.0,,0.0,392.0,serving,,3QItrwNcp5,g,9.9,0.1,com.sec.android.app.shealth,42.0,0.25510204,ca6656a9-d141-4ac7-9bb6-50345bc00d60,1,
195.0,57.0,4.0,0.0,0.0,,,fatsecret-6034,61,42.0,1.7,0.15,2024-08-13 06:45:40.710,2024-08-06 03:48:16.863,0.009,0.57,0.071,1.0,Carrots,2.77,,1.5384616,25.0,medium,,EmOHuC/o0o,g,0.023,,com.sec.android.app.shealth,5.84,2.0,2fd6390e-f4fd-4e49-b1cb-be5a2032c086,1,
,0.0,0.0,0.0,0.0,,,fatsecret-44189260,39,561.0,,1.51,2024-08-13 09:24:26.224,2024-08-13 09:24:26.224,0.54,4.76,0.78,0.0,Wheat Chapati(ID),0.27,,0.0,110.0,serving,,EmOHuC/o0o,g,0.18,,com.sec.android.app.shealth,19.24,0.35454544,636bbac5-48f0-492c-bac6-bb6391cd1e94,1,
323.0,8.777778,63.666668,0.0,0.0,,,fatsecret-5436,207,4.0,3.7,0.56,2025-03-07 16:39:41.652,2024-08-13 06:35:39.547,0.209,1.06,0.106,1.5000001,Mango,30.64,,1.6153846,135.0,mango,,3QItrwNcp5,g,0.137,,com.sec.android.app.shealth,35.19,1.5333333,e5dd2040-cf43-4afa-bcb5-6abe53d6bd03,1,
334.0,0.0,67.77778,0.0,0.0,,,fatsecret-5598,253,8.0,0.3,0.2,2024-08-13 06:45:40.745,2024-08-13 06:45:40.745,0.008,1.42,0.056,3.3888888,Grape Juice,37.6,,1.7692307,154.0,cup,,EmOHuC/o0o,g,0.063,,com.sec.android.app.shealth,37.85,1.6428572,a93c86b8-816d-4e3c-9071-f12a583b05ef,1,
0.0,0.0,0.0,0.0,0.0,"80.0 kcal, 1",,quickinput-e305fff5-3f0f-4609-bf48-7dd2dbaeb078,0,0.0,0.0,0.0,2024-08-13 06:48:34.933,2024-08-13 06:48:34.933,0.0,0.0,0.0,0.0,Pongal,0.0,0.0,0.0,80.0,serving,,EmOHuC/o0o,120001,0.0,0.0,com.sec.android.app.shealth,0.0,1.0,ed2dba38-fccb-4887-ad24-aad978d20bd1,1,
617.0,5.7777777,11.777778,0.0,48.0,,,fatsecret-4750693,254,986.0,6.1,8.0,2025-03-05 14:28:15.826,2024-08-13 09:24:26.224,2.989,19.72,1.905,16.555555,Chicken Chili,5.7,,4.769231,226.0,cup,,3QItrwNcp5,g,2.155,,com.sec.android.app.shealth,19.68,1.1238939,3f354db3-a2e6-421c-b17e-116be3b46247,1,
269.0,16.222221,0.8888889,0.0,53.0,,,fatsecret-1107,133,98.0,0.9,14.26,2024-08-13 09:24:26.224,2024-08-13 09:24:26.224,3.897,4.68,0.575,1.0555556,Ice Cream,29.66,,12.923077,267.0,cup,,EmOHuC/o0o,g,8.801,,com.sec.android.app.shealth,32.45,0.49812734,f956b177-5190-4774-b8b5-27730a807a2b,1,
,0.0,0.0,0.0,,,,fatsecret-34936157,60,18.0,0.8,4.2,2024-08-13 09:24:26.224,2024-08-13 09:24:26.224,1.2,3.6,0.6,0.0,Kesari Halwa(MTR),24.0,,0.0,256.0,serving,,EmOHuC/o0o,g,2.4,0.0,com.sec.android.app.shealth,51.0,0.234375,946be19b-16cb-4907-b4b3-607f8c51db2d,1,
116.0,27.0,0.8888889,0.0,86.0,,,fatsecret-3806,128,484.0,0.4,24.58,2024-08-14 15:29:05.925,2024-08-08 17:46:06.840,9.207,11.1,4.166,6.5555553,Cheesecake,28.2,,4.8461537,410.0,piece (1/12 of 9" dia),,EmOHuC/o0o,g,9.83,,com.sec.android.app.shealth,37.27,0.31247452,62db73cc-7333-462d-825f-2f28b424a9bb,1,
720.0,0.0,0.0,0.0,32.0,"320.0 kcal, 1",,quickinput-2889b44e-9ae1-4483-9e9c-c467a6db6abf,1,920.0,4.8,11.7,2024-08-14 16:43:30.786,2024-08-14 16:41:28.845,0.0,31.5,0.0,0.0,Eatclub Paneer tikka,4.7,0.0,0.0,320.0,serving,,EmOHuC/o0o,120001,0.0,0.0,com.sec.android.app.shealth,24.8,1.0,e94c95f8-fbcb-4adc-872e-ed3e745bee2d,1,
246.0,0.0,0.0,0.0,0.0,"18.0 kcal, 1",,quickinput-626229b8-7354-45a2-90c9-259a24683a99,1,0.0,0.9,0.0,2024-08-19 10:46:54.262,2024-08-19 10:45:45.958,0.0,0.8,0.0,0.0,Ivy gaurd,0.0,0.0,0.0,18.0,serving,,EmOHuC/o0o,120001,0.0,0.0,com.sec.android.app.shealth,0.0,1.0,7527bab9-cafe-41fe-abe8-0a5001e3621e,1,
252.0,5.5555553,79.11111,0.0,0.0,,,fatsecret-6506,185,548.0,4.8,5.44,2024-08-19 10:46:54.280,2024-08-19 10:46:54.280,2.297,3.14,1.717,3.6111112,Cooked Cauliflower,2.29,,2.3076923,81.0,cup,,EmOHuC/o0o,g,0.997,,com.sec.android.app.shealth,7.22,2.2839506,be0ba394-b3fc-450f-b89d-534d0a606462,1,
182.0,9.222222,0.8888889,0.0,18.0,,,fatsecret-1160,85,48.0,1.0,4.08,2024-08-19 10:48:14.440,2024-08-19 10:48:14.440,1.146,4.6,0.391,2.6111112,Light Ice Cream Sandwich,20.41,,8.307693,184.0,sandwich,,EmOHuC/o0o,g,2.179,,com.sec.android.app.shealth,32.77,0.46195653,7afe28d0-ac18-47a6-8564-3d90b03b15de,1,
0.0,0.0,0.0,0.0,22.0,"72.0 kcal, 1",,quickinput-9224358b-9d76-4816-a6de-2ce9d3662f3d,1,95.5,0.0,8.0,2024-08-20 20:17:45.725,2024-08-20 20:13:05.559,0.0,0.1,0.0,0.0,Amul Butter Cube,0.0,0.0,0.0,72.0,serving,,EmOHuC/o0o,120001,4.8,0.0,com.sec.android.app.shealth,0.0,1.0,e65a9027-240a-499b-aafc-85ac505919c6,1,
316.0,3.4444444,99.111115,0.0,0.0,,,fatsecret-36291,100,33.0,2.6,0.37,2024-08-20 20:18:45.490,2024-08-20 20:18:45.490,0.011,2.82,0.038,4.0555553,Broccoli,1.7,,3.6153846,34.0,g,,EmOHuC/o0o,g,0.039,,com.sec.android.app.shealth,6.64,2.9411764,2ac3acbd-e35d-40e6-8fa0-898be36001be,100,
0.0,0.0,0.0,0.0,0.0,"46.0 kcal, 1",,quickinput-a0bf61b7-a625-4d58-9c8a-a05baacf715b,1,57.0,0.0,0.0,2024-08-21 03:52:06.152,2024-08-21 03:51:50.831,0.0,0.0,0.0,0.0,Redbull yellow edition,11.0,0.0,0.0,46.0,serving,,EmOHuC/o0o,120001,0.0,0.0,com.sec.android.app.shealth,11.0,1.0,9d1bcce2-3371-49e9-8f24-2b580df42591,1,
,0.0,0.0,0.0,,,,fatsecret-25783167,100,,,2.7,2024-08-20 20:17:45.708,2024-08-20 20:13:21.882,,10.0,,0.0,Brown Bread(Modern),,,0.0,253.0,serving,,EmOHuC/o0o,g,,,com.sec.android.app.shealth,50.0,0.3952569,e526f388-be47-4f20-845b-e0e533072b76,1,
,0.0,0.0,0.0,,,,fatsecret-68910824,100,,10.0,14.7,2024-08-21 17:51:24.273,2024-08-21 17:51:24.273,,30.0,,0.0,Protein Bar (100g)(Rite Bite),,,0.0,361.0,serving,,EmOHuC/o0o,g,2.3,,com.sec.android.app.shealth,44.7,0.27700832,5c6757f3-c026-472c-a215-2e44ef5195ab,1,
289.0,11.111111,71.0,0.0,0.0,,,fatsecret-6012,102,295.0,3.3,2.74,2024-08-21 17:55:43.192,2024-08-21 17:55:43.192,1.143,2.35,0.852,3.6666667,Cooked Broccoli (Fat Added in Cooking),1.37,,3.0769231,55.0,"cup, flowerets",,EmOHuC/o0o,g,0.516,,com.sec.android.app.shealth,7.12,1.8545455,95bcf6e5-f661-42d9-9232-aa311372cf32,1,
,0.0,0.0,0.0,,,,fatsecret-9433759,100,8.0,,0.0,2024-08-21 17:55:43.191,2024-08-21 17:55:43.191,,0.0,,0.0,Coke Zero(Coca-Cola),,,0.0,0.0,serving,,EmOHuC/o0o,ml,,,com.sec.android.app.shealth,0.0,,2d2dde21-83dc-4c1a-be07-9d10a07d73d9,1,
682.0,0.0,0.0,0.0,0.0,,,fatsecret-3372,100,6.0,6.9,49.3,2024-08-23 05:35:34.265,2024-08-21 17:51:24.273,24.462,26.35,15.58,10.166667,Roasted Unsalted Peanuts,4.16,,6.769231,581.0,g,,EmOHuC/o0o,g,6.843,,com.sec.android.app.shealth,18.92,0.17211704,f0e4a31e-1c4c-4791-9f75-bb2dede027b0,100,
145.0,7.0,0.0,0.0,64.0,,,fatsecret-4857,87,229.0,0.9,13.87,2024-08-23 05:46:21.000,2024-08-23 05:46:21.000,4.633,20.19,2.536,6.111111,Nachos with Chicken or Turkey and Cheese,0.26,,14.0,249.0,cup,,EmOHuC/o0o,g,5.646,,com.sec.android.app.shealth,10.5,0.3493976,3134ff1a-e017-4ff5-9527-51d76deaaf41,1,
63.0,9.333333,0.0,0.0,211.0,,,fatsecret-3094,50,139.0,0.0,5.28,2024-08-29 04:04:10.098,2024-08-29 04:04:10.098,2.03,6.26,0.704,3.3333335,Boiled Egg,0.56,,1.9230769,77.0,large,,EmOHuC/o0o,g,1.627,,com.sec.android.app.shealth,0.56,0.64935064,109f00bd-85e7-4506-a19f-91f0323f3a99,1,
13.0,0.0,0.0,0.0,,,,fatsecret-70721076,100,48.0,0.0,0.0,2024-09-01 04:16:20.864,2024-08-11 06:50:57.137,0.0,0.0,0.0,0.0,Blue Bolt(Gatorade),6.0,,0.0,24.0,serving,,EmOHuC/o0o,ml,0.0,0.0,com.sec.android.app.shealth,6.0,,16629457-3fc2-483b-8814-90398da9d6c7,1,
0.0,0.0,0.0,0.0,0.0,"123.0 kcal, 1",,quickinput-47b1987d-9d23-4ef5-baac-c118d2cdcc2a,1,178.9,2.5,0.8,2024-09-01 04:16:20.905,2024-09-01 04:16:06.725,0.0,7.6,0.0,0.0,Health Factory Protein Bread,1.7,0.0,0.0,123.0,serving,,EmOHuC/o0o,120001,0.2,0.0,com.sec.android.app.shealth,21.2,1.0,43121b24-f551-414c-b009-9d605df3fa58,1,
,0.0,0.0,0.0,,,,fatsecret-49710994,62,43.0,0.6,14.6,2024-09-01 04:16:20.920,2024-09-01 04:16:20.920,,3.4,,0.0,Magnum Almond(Kwality Wall's),16.8,,0.0,219.0,serving,,EmOHuC/o0o,g,8.4,0.29,com.sec.android.app.shealth,18.6,0.28310502,4ef85111-3eef-4471-b2b9-aac4e4e29095,1,
,0.0,0.0,0.0,17.0,,,fatsecret-2364295,25,1400.0,,6.5,2024-09-01 04:16:20.920,2024-09-01 04:16:20.920,,5.0,,0.0,Cheese(Amul),,,0.0,80.0,serving,,EmOHuC/o0o,g,4.0,,com.sec.android.app.shealth,0.3,0.3125,2acee0e3-fa63-46cd-b95c-b9047922d533,1,
,0.0,0.0,0.0,4.0,,,fatsecret-40960513,100,42.0,,30.9,2024-09-01 04:16:20.920,2024-09-01 04:16:20.920,,6.3,,0.0,Hazelnut Spread with Cocoa(Nutella),56.3,,0.0,539.0,serving,,EmOHuC/o0o,g,10.6,0.1,com.sec.android.app.shealth,57.5,0.18552876,3515912e-2e5b-41aa-927c-f4cf4cbfba70,1,
0.0,0.0,0.0,0.0,0.0,"508.0 kcal, 1",,quickinput-1c5da79d-a351-41e6-8033-77eb7b1c2337,1,1273.0,0.0,27.1,2024-09-01 04:16:20.847,2024-09-01 04:07:17.868,0.0,7.7,0.0,0.0,Piknik,4.5,0.0,0.0,508.0,serving,,EmOHuC/o0o,120001,12.3,0.0,com.sec.android.app.shealth,58.4,1.0,0411d89c-ae69-43d0-92a3-da09ba39c030,1,
61.0,0.22222222,0.0,0.0,12.0,,,fatsecret-3942,34,50.0,0.7,4.68,2024-09-02 16:32:05.885,2024-09-02 16:32:05.885,1.784,1.62,1.657,5.9444447,Brownie,12.5,,0.84615386,129.0,brownie (2" square),,EmOHuC/o0o,g,0.972,,com.sec.android.app.shealth,21.26,0.2635659,3ebce9ca-8ab2-44c7-9c74-7ce6ac9d3f08,1,
,0.0,0.0,0.0,,,,fatsecret-80396933,341,1400.0,,18.4,2024-09-02 16:31:40.444,2024-09-02 16:31:40.444,,22.4,,0.0,Smoky Chicken Biryani(KFC),0.0,,0.0,510.0,serving,,EmOHuC/o0o,g,6.5,0.0,com.sec.android.app.shealth,64.0,0.66862744,a0f156fc-a63c-4bbe-9655-739d66834a07,1,
276.0,0.7777778,0.0,0.0,91.0,,,fatsecret-34448,100,79.0,0.0,4.71,2024-09-03 18:32:28.058,2024-09-03 18:32:28.058,1.72,33.44,1.07,6.3333335,"Chicken Breast Meat (Broilers or Fryers, Fried, Cooked)",0.0,,1.2307693,187.0,g,,EmOHuC/o0o,g,1.29,,com.sec.android.app.shealth,0.51,0.53475934,efea9f62-ef2f-43a3-a605-9218c4c556e5,100,
0.0,0.0,0.0,0.0,0.0,,,fatsecret-16028673,100,0.0,0.0,0.1,2024-09-03 18:32:28.059,2024-09-03 18:32:28.059,0.0,3.5,0.0,0.0,Slim N Trim Skimmed Milk(Amul),0.0,,0.0,35.0,serving,,EmOHuC/o0o,ml,0.0,0.0,com.sec.android.app.shealth,5.0,,ba7755a1-753e-489d-b276-8e6754852af5,1,
,0.0,0.0,0.0,5.0,,,fatsecret-69030724,85,42.0,,1.5,2024-09-03 18:34:08.715,2024-08-09 14:43:08.389,,5.1,,0.0,Greek Yogurt Alphonso Mango(Epigamia),5.0,,0.0,78.0,serving,,EmOHuC/o0o,g,1.0,,com.sec.android.app.shealth,11.0,1.0897436,9627846c-3fa1-41e9-aad8-35415617021d,1,
0.0,0.0,0.0,0.0,0.0,,,fatsecret-35047122,100,53.0,0.0,0.0,2024-09-03 18:34:08.722,2024-09-03 18:34:08.722,0.0,0.0,0.0,0.0,Sting(Pepsi),7.0,,0.0,28.0,serving,,EmOHuC/o0o,ml,0.0,0.0,com.sec.android.app.shealth,7.0,,81d5b81f-465e-48e8-97c6-2b36d10b9095,1,
,0.0,0.0,0.0,,,,fatsecret-25408472,100,163.0,0.0,17.6,2024-09-04 10:39:48.698,2024-08-07 17:30:02.012,,4.0,,0.0,Milkybar Moosha(Nestle),39.7,,0.0,385.0,serving,,EmOHuC/o0o,g,15.3,0.1,com.sec.android.app.shealth,52.7,0.25974026,99ae4719-f9c4-4dc3-b39f-5d562c3f620c,1,
,0.0,0.0,0.0,21.0,,,fatsecret-35364537,100,156.0,2.1,29.2,2024-09-04 10:43:14.434,2024-09-04 10:43:14.434,,7.8,,0.0,Dairy Milk(Cadbury),57.3,,0.0,532.0,serving,,EmOHuC/o0o,g,17.5,0.2,com.sec.android.app.shealth,60.4,0.18796992,ef508276-ed2c-4c85-b336-0cb0cffe06c2,1,
293.0,10.888889,46.666668,0.0,0.0,,,fatsecret-36770,100,262.0,3.3,0.35,2024-09-04 16:27:55.391,2024-09-04 16:27:55.391,0.024,2.98,0.167,3.7222223,"Broccoli (with Salt, Drained, Cooked, Boiled)",1.39,,3.0769231,28.0,g,,EmOHuC/o0o,g,0.054,,com.sec.android.app.shealth,5.06,3.5714285,1d366342-b2da-4605-abce-fe2d7e7c53dc,100,
0.0,0.0,0.0,0.0,0.0,"78.0 kcal, 1",,quickinput-1f37ff37-6d45-4b8c-840b-62a767eacd4f,1,20.8,0.0,3.0,2024-11-12 15:32:28.486,2024-08-21 03:59:15.800,0.0,0.8,0.0,0.0,Milkybar Moosha,7.8,0.0,0.0,78.0,serving,,EmOHuC/o0o,120001,2.8,0.0,com.sec.android.app.shealth,12.1,1.0,d2889c8a-b1fc-46b6-b5ed-c8cce6d0af7c,1,
0.0,0.0,0.0,0.0,0.0,"814.0 kcal, 1",,quickinput-25b44aa5-d9dd-4b3f-b218-b2e5726a084f,1,0.0,0.0,0.0,2024-11-12 15:32:28.503,2024-11-12 15:31:59.201,0.0,30.0,0.0,0.0,HRX EatFit Grilled Chicken Protein Meal,0.0,0.0,0.0,814.0,serving,,EmOHuC/o0o,120001,0.0,0.0,com.sec.android.app.shealth,0.0,1.0,9bbc3c82-8b9e-4b19-9c74-1593b5d1a8ea,1,
551.0,1.4444444,0.0,0.0,0.0,,,fatsecret-3213,254,856.0,10.4,0.94,2024-11-13 08:26:10.464,2024-11-13 08:26:10.464,0.211,12.06,0.338,16.666666,Vegetarian Baked Beans,22.96,,6.6153846,239.0,cup,,EmOHuC/o0o,g,0.224,,com.sec.android.app.shealth,53.7,1.0627615,304d589d-6171-49a2-8bb9-9c772f35a284,1,
0.0,0.0,0.0,0.0,0.0,"515.0 kcal, 1",,quickinput-772d5756-26fc-4cf3-947c-7f1f8fd210a7,1,0.0,8.0,17.0,2024-11-13 16:11:57.875,2024-11-13 16:11:17.670,0.0,15.0,0.0,0.0,Eatclub Sandwich Mushroom,0.0,0.0,0.0,515.0,serving,,EmOHuC/o0o,120001,0.0,0.0,com.sec.android.app.shealth,74.0,1.0,fa5d4cd9-7497-48ff-830a-1935d5550f3c,1,
660.0,0.0,0.5555556,0.0,0.0,,,fatsecret-37050,100,12.0,3.3,43.85,2024-11-14 15:16:23.365,2024-11-12 15:33:43.085,23.797,18.22,7.845,37.11111,Cashew Nuts,5.91,,2.8461537,553.0,g,,EmOHuC/o0o,g,7.783,,com.sec.android.app.shealth,30.19,0.18083182,47e3e9f4-5eb0-4aca-a7e4-10eadbdb2c17,100,
,0.0,0.0,0.0,186.0,,,fatsecret-13163255,225,300.0,,26.6,2024-11-14 15:15:06.720,2024-11-14 15:15:06.720,,26.6,,0.0,Chicken Zinger Burger(KFC),11.51,,0.0,563.0,serving,,EmOHuC/o0o,g,8.2,0.04,com.sec.android.app.shealth,57.1,0.39964476,fbb1a539-55ba-42ab-a1b0-de48f7e9c4c7,1,
,0.0,0.0,0.0,48.0,,,fatsecret-5491360,80,600.0,,15.6,2024-11-14 15:15:06.720,2024-11-14 15:15:06.720,,15.0,,0.0,Chicken Popcorn (Regular)(KFC),0.0,,0.0,272.0,serving,,EmOHuC/o0o,g,6.8,0.02,com.sec.android.app.shealth,18.0,0.29411766,3b19e235-72e0-46ad-a5ba-e75396ea9e85,1,
,0.0,0.0,0.0,,,,fatsecret-80397262,184,500.0,,12.8,2024-11-14 15:15:06.720,2024-11-14 15:15:06.720,,42.6,,0.0,2Pc Smoky Grilled Chicken(KFC),0.0,,0.0,350.0,serving,,EmOHuC/o0o,g,3.6,0.04,com.sec.android.app.shealth,16.1,0.5257143,07022c55-f79a-44dd-a126-b51ec6730fda,1,
179.0,12.0,5.4444447,0.0,119.0,,,fatsecret-6284,105,410.0,0.9,7.28,2024-11-14 17:02:21.336,2024-11-14 17:02:21.336,2.447,6.99,0.635,6.2222223,Greek Salad,1.98,,9.461538,106.0,cup,,EmOHuC/o0o,g,3.468,,com.sec.android.app.shealth,3.38,0.990566,a84fbd63-d020-466b-8d3c-ea789bd835b7,1,
0.0,0.0,0.0,0.0,0.0,"459.0 kcal, 1",,quickinput-8020744d-b9b3-41b7-b119-a5c8c8d23e8f,1,0.0,6.0,21.0,2024-11-15 16:42:21.301,2024-11-15 16:41:59.400,0.0,40.0,0.0,0.0,Chicken Keto Salad,0.0,0.0,0.0,459.0,serving,,EmOHuC/o0o,120001,0.0,0.0,com.sec.android.app.shealth,27.0,1.0,acdc493c-10af-4e01-a3c1-c3dd1ed32c7a,1,
83.0,0.33333334,3.5555556,0.0,10.0,,,fatsecret-39875,60,153.0,,10.1,2024-11-15 16:43:50.716,2024-11-15 16:43:50.716,3.826,2.74,2.639,7.1666665,Brownie,,,1.9230769,243.0,brownie (2" square),,EmOHuC/o0o,g,3.132,,com.sec.android.app.shealth,38.97,0.24691358,663cef5b-dfca-4ac3-bb66-a00abd54f6c6,1,
0.0,7.0,0.0,0.0,0.0,"87.0 kcal, 1",,quickinput-2a92dd2b-6e68-453e-8ebb-d46188f31c5c,1,0.0,0.0,6.0,2024-11-15 16:39:47.642,2024-08-11 06:49:24.900,0.0,3.4,0.0,0.0,Full Cream Milk ( Nilgiris),0.0,0.0,10.0,87.0,serving,,EmOHuC/o0o,120001,3.7,0.1,com.sec.android.app.shealth,5.0,1.0,469e2494-c36b-4958-a5d4-c049f2e5b1d5,1,
248.0,4.6666665,3.3333333,0.0,105.0,,,fatsecret-5100,198,598.0,1.4,11.96,2024-11-15 16:43:50.715,2024-11-15 16:43:50.715,5.201,12.45,3.372,14.5,Chicken Fried Rice,1.39,,2.9230769,329.0,cup,,EmOHuC/o0o,g,2.435,,com.sec.android.app.shealth,41.82,0.6018237,d6efa89d-8188-40f0-93ac-1fed6fb53c88,1,
,0.0,0.0,0.0,,,,fatsecret-41609389,25,55.0,,4.0,2024-11-16 03:59:19.892,2024-08-05 17:58:50.730,,1.0,,0.0,Choco Pie(Lotte),9.0,,0.0,108.0,serving,,EmOHuC/o0o,g,3.0,0.0,com.sec.android.app.shealth,17.0,0.23148148,7aaa7576-256b-4e1d-8441-de4f6b2e9c91,1,
35.0,0.0,0.0,0.0,0.0,,,fatsecret-4501,100,365.0,0.4,0.28,2024-11-16 11:36:17.647,2024-11-16 11:36:17.647,0.087,2.66,0.075,6.6111116,White Rice,0.05,,0.7692308,129.0,g,,EmOHuC/o0o,g,0.076,,com.sec.android.app.shealth,27.9,0.7751938,76a5e67d-d95b-4a08-a144-2034584cda51,100,
239.0,12.444445,3.0,0.0,93.0,,,fatsecret-4756240,100,411.0,0.8,6.1,2025-02-19 12:42:15.677,2024-11-16 11:36:17.648,2.368,10.5,1.068,7.7777777,Chicken Stir Fry,2.2,,3.0,112.0,g,,3QItrwNcp5,g,1.967,,com.sec.android.app.shealth,3.91,0.89285713,24aa50e7-3d0d-4129-a2b3-ad8936b8c164,100,
,0.0,0.0,0.0,,,,fatsecret-43902258,100,103.0,,34.8,2024-11-16 11:36:17.647,2024-11-16 11:36:17.647,,8.3,,0.0,Dairy Milk Silk Mousse(Cadbury),47.2,,0.0,555.0,serving,,EmOHuC/o0o,g,20.0,0.2,com.sec.android.app.shealth,53.5,0.18018018,bb2230c3-3e77-44d0-a291-44172163708b,1,
,0.0,0.0,0.0,,,,fatsecret-57321897,55,1.0,0.5,0.2,2024-11-16 11:36:17.647,2024-11-16 11:36:17.647,,0.1,,0.0,Aam Ras(Kwality Wall's),13.8,,0.0,65.0,serving,,EmOHuC/o0o,g,0.2,0.0,com.sec.android.app.shealth,15.6,0.84615386,5c736e13-39f4-42ac-899c-7af71edc90be,1,
28.0,0.22222222,5.888889,0.0,0.0,,,fatsecret-10431959,225,35.0,0.6,0.04,2024-11-17 14:45:04.534,2024-11-17 14:45:04.534,0.003,0.17,0.016,1.0555556,Virgin Mojito,38.89,,1.3076923,155.0,cocktail,,EmOHuC/o0o,g,0.007,,com.sec.android.app.shealth,40.59,1.451613,6f5479d4-e2c9-47d6-b02b-956f64b0760f,1,
,0.0,0.0,0.0,,,,fatsecret-43589601,280,1019.0,,36.3,2024-11-17 14:45:04.534,2024-11-17 14:45:04.534,,26.2,,0.0,Chicken Whopper(Burger King),8.7,,0.0,667.0,serving,,EmOHuC/o0o,g,8.1,0.0,com.sec.android.app.shealth,59.1,0.41979012,df1fe9e5-2dde-47f2-803a-63de134fb2c7,1,
,0.0,0.0,0.0,0.0,,,fatsecret-67525934,80,242.0,1.5,11.38,2024-11-17 14:47:59.486,2024-11-17 14:47:59.486,3.98,7.74,2.63,0.0,Malabar Parota(ID),0.0,,0.0,244.0,serving,,EmOHuC/o0o,g,4.17,0.0,com.sec.android.app.shealth,27.78,0.32786885,a296aea8-ce93-413a-a3f9-a174472e11c4,1,
229.0,2.0,0.0,0.0,80.0,,,fatsecret-34465,100,86.0,0.0,3.81,2024-11-17 14:47:59.486,2024-11-17 14:47:59.486,1.18,20.13,0.95,5.6666665,Chicken Leg Meat (Broilers or Fryers),0.0,,0.84615386,120.0,g,,EmOHuC/o0o,g,0.98,0.104,com.sec.android.app.shealth,0.0,0.8333333,4e0310d4-e0a7-441d-aa52-87bb5a5f60a0,100,
,0.0,0.0,0.0,10.0,,,fatsecret-2736158,0,40.0,0.0,7.9,2024-11-17 14:47:59.487,2024-11-17 14:47:59.487,,2.2,,0.0,Gulab Jamun(Haldiram's),16.0,,0.0,143.0,serving,,EmOHuC/o0o,,3.0,,com.sec.android.app.shealth,17.0,,ab98190d-9995-4f5d-8eae-9515fc26ebf2,1,
,0.0,0.0,0.0,0.0,,,fatsecret-20064132,100,33.0,5.9,30.81,2024-11-18 14:33:27.502,2024-11-13 08:27:33.144,10.73,16.83,12.06,0.0,Peanut Chikki Bar(Haldiram's),36.13,,0.0,532.0,serving,,EmOHuC/o0o,g,3.74,0.0,com.sec.android.app.shealth,46.81,0.18796992,37e8084a-585a-4af6-ab3b-00b36a02689e,1,
,0.0,0.0,0.0,0.0,,,fatsecret-22386938,30,150.0,0.8,0.3,2024-11-18 17:28:50.639,2024-11-17 14:44:04.789,0.0,2.0,0.0,0.0,Corn Flakes(Kellogg's),2.5,,0.0,114.0,serving,,EmOHuC/o0o,g,0.2,0.0,com.sec.android.app.shealth,26.1,0.2631579,4c0e729f-7e5c-48f9-90da-9302ee1d71d4,1,
0.0,0.0,0.0,0.0,0.0,"803.0 kcal, 1",,quickinput-6d79acaf-4c31-419e-a70c-57c6ef9aba82,1,0.0,6.0,44.0,2024-11-19 08:53:46.274,2024-11-19 08:52:14.717,0.0,71.0,0.0,0.0,EATCLUB Chicken Peri Peri Keto Bowl,0.0,0.0,0.0,803.0,serving,,EmOHuC/o0o,120001,0.0,0.0,com.sec.android.app.shealth,30.0,1.0,5a84f7c5-ab2a-4759-ae23-57fac4c6dceb,1,
230.0,87.44444,14.222222,0.0,0.0,,,fatsecret-36619,100,27.0,2.5,0.14,2024-11-19 15:26:25.418,2024-11-18 17:28:50.662,0.0,1.37,0.08,4.0,"Sweet Potato (Without Skin, Cooked, Boiled)",5.74,,2.0769231,76.0,g,,EmOHuC/o0o,g,0.04,,com.sec.android.app.shealth,17.72,1.3157895,9453bb40-6e66-4514-bb27-16c627f7088a,100,
293.0,4.0,29.555555,0.0,0.0,,,fatsecret-5366,138,3.0,3.0,0.28,2024-11-19 15:26:57.838,2024-11-13 16:11:57.895,0.023,0.97,0.075,1.2222222,Fruit,14.03,,1.3076923,80.0,fruit,,EmOHuC/o0o,g,0.072,,com.sec.android.app.shealth,20.73,1.725,abf51377-c953-4024-9413-5a0654ec5f45,1,
55.0,8.222222,0.0,0.0,186.0,,,fatsecret-330501,44,122.0,0.0,4.65,2024-11-19 16:14:13.486,2024-11-19 16:14:13.486,1.787,5.51,0.62,2.8888888,Soft Boiled Egg,0.49,,1.6923077,68.0,medium,,EmOHuC/o0o,g,1.432,,com.sec.android.app.shealth,0.49,0.64705884,f6c9d1dd-3eb7-4135-967b-d7e7ee028678,1,
58.0,0.0,0.0,0.0,0.0,,,fatsecret-3594,36,247.0,1.7,3.39,2024-11-20 13:35:06.419,2024-11-20 13:35:06.419,1.358,2.71,1.29,5.3333335,Fried Whole Wheat Puri or Poori Bread (Indian Puffed Bread),0.08,,0.46153846,107.0,puri (approx 4-4/5" dia),,EmOHuC/o0o,g,0.512,,com.sec.android.app.shealth,16.82,0.3364486,c6ab30ca-7c49-4f4a-a8f3-56e6cf5f0b92,1,
338.0,2.2222223,31.333334,0.0,0.0,,,fatsecret-5595,250,2.0,0.2,1.5,2024-11-20 13:42:12.964,2024-11-20 13:42:12.964,0.145,0.75,0.86,6.666667,Blackberry Juice,19.25,,2.3076923,95.0,cup,,EmOHuC/o0o,g,0.045,,com.sec.android.app.shealth,19.5,2.631579,a28b0ee3-11ae-4a81-b566-e6baa16c1850,1,
0.0,0.0,0.0,0.0,0.0,"557.0 kcal, 1",,quickinput-aca52f5a-bc85-4c8f-a45b-0b9e7c89fff8,1,0.0,0.0,0.0,2024-11-21 14:37:05.966,2024-11-21 14:34:28.927,0.0,25.0,0.0,0.0,EATFIT HRX BBQ Chicken Pro Burger,0.0,0.0,0.0,557.0,serving,,EmOHuC/o0o,120001,0.0,0.0,com.sec.android.app.shealth,0.0,1.0,35157854-be53-4b94-8fbe-23357bbc2f40,1,
,0.0,0.0,0.0,,,,fatsecret-50786359,100,,,30.4,2024-11-21 14:39:29.308,2024-11-21 14:39:29.308,,4.2,,0.0,Epic Choco Almond(Amul),21.2,,0.0,400.0,serving,,EmOHuC/o0o,g,20.3,0.4,com.sec.android.app.shealth,27.6,0.25,17317200-1e24-4f1f-936e-6162cf9da565,1,
268.0,1.2222222,75.111115,0.0,0.0,,,fatsecret-4879970,190,11.0,3.4,1.63,2024-11-22 14:08:43.648,2024-11-22 14:08:43.648,0.101,1.27,0.084,2.1111112,Fruit Salad,20.46,,3.3846154,108.0,cup,,EmOHuC/o0o,g,1.229,,com.sec.android.app.shealth,25.0,1.7592592,dc71e7de-10a7-4a0f-9720-569d46f422e0,1,
0.0,0.0,0.0,0.0,0.0,"101.0 kcal, 1",,quickinput-b8179a8e-31ba-4494-98dd-e70bc62564fb,1,42.0,0.1,4.0,2024-11-22 14:35:33.793,2024-11-22 14:12:11.835,0.0,1.0,0.0,0.0,Piccadeli Armada Nutty Caramel,11.0,0.0,0.0,101.0,serving,,EmOHuC/o0o,120001,3.0,0.0,com.sec.android.app.shealth,17.0,1.0,c7241c3e-cc4e-4bda-8cd4-6cd4007b55eb,1,
0.0,0.0,0.0,0.0,0.2,"63.0 kcal, 1",,quickinput-a9d6fc4b-ffe5-4918-b3d1-f5fedfe080b3,1,9.0,0.3,3.0,2024-11-22 14:35:33.821,2024-11-22 14:14:08.160,0.0,1.0,0.0,0.0,Piccadeli Scala Chocolate,6.0,0.0,0.0,63.0,serving,,EmOHuC/o0o,120001,1.0,0.0,com.sec.android.app.shealth,8.0,1.0,c18aa0de-8ee8-430c-bab5-128649b2cf39,1,
0.0,0.0,0.0,0.0,1.2,"103.0 kcal, 1",,quickinput-6ab21076-2d4a-42d0-86c5-6ff97de3a527,1,27.4,1.2,6.1,2024-11-22 14:35:33.851,2024-11-22 14:24:28.516,0.0,0.6,0.0,0.0,Igloo Lagoon,10.2,0.0,0.0,103.0,serving,,EmOHuC/o0o,120001,2.8,0.0,com.sec.android.app.shealth,11.2,1.0,22889236-6c5e-43aa-b1cd-d19b48632253,1,
0.0,0.0,0.0,0.0,0.0,"106.0 kcal, 1",,quickinput-34480d40-f0f5-4b5f-9c23-9847c6e85d20,1,63.0,0.4,6.0,2024-11-22 14:35:33.878,2024-11-22 14:33:41.880,0.0,1.0,0.0,0.0,Piccadeli GoNuts Peanut Energy,12.0,0.0,0.0,106.0,serving,,EmOHuC/o0o,120001,2.0,0.0,com.sec.android.app.shealth,13.0,1.0,43953385-27e0-41f4-9149-a9e4c81117e4,1,
0.0,0.0,0.0,0.0,0.0,"84.0 kcal, 1",,quickinput-74ade65c-0f85-426e-826b-a0a22616d22d,1,39.0,0.2,4.0,2024-11-22 14:35:33.902,2024-11-22 14:35:01.105,0.0,1.0,0.0,0.0,Piccadeli Combo,9.0,0.0,0.0,84.0,serving,,EmOHuC/o0o,120001,3.0,0.0,com.sec.android.app.shealth,12.0,1.0,0526a8af-7c02-482a-83e4-78646750437b,1,
,0.0,0.0,0.0,,,,fatsecret-4542880,100,,,7.5,2024-11-22 14:37:41.773,2024-11-22 14:37:41.773,,5.8,,0.0,Vegetable Samosas(Al Kabeer),,,0.0,226.0,serving,,EmOHuC/o0o,g,,,com.sec.android.app.shealth,34.9,0.44247788,c06f381d-7dd5-4071-ae33-a746be23f90f,1,
61.0,1.1111112,0.0,0.0,46.0,,,fatsecret-39778,160,8.0,1.9,3.31,2024-11-22 14:37:41.773,2024-11-22 14:37:41.773,0.93,7.26,0.883,13.055554,"Egg Noodles (Enriched, Cooked)",0.64,,1.4615384,221.0,cup,,EmOHuC/o0o,g,0.67,0.034,com.sec.android.app.shealth,40.26,0.7239819,91b9a6f4-c861-4cb3-aa62-db2f9287c592,1,
66.0,0.5555556,0.5555556,0.0,22.0,,,fatsecret-307861,28,205.0,0.0,2.83,2024-11-22 14:37:41.773,2024-11-22 14:37:41.773,1.021,5.05,0.755,2.0555556,Chicken Sausage,0.0,,0.6923077,49.0,link (7/8" dia x 4" long),,EmOHuC/o0o,g,0.726,0.083,com.sec.android.app.shealth,0.43,0.57857144,9622a522-7a7b-4224-b8b1-ac4e2793ee7e,1,
496.0,2.7777777,137.77777,0.0,0.0,,,fatsecret-35883,248,2.0,0.5,0.5,2024-11-22 14:39:05.920,2024-11-18 14:32:49.147,0.089,1.74,0.099,2.7777777,Orange Juice,20.83,,2.0769231,112.0,cup,,EmOHuC/o0o,g,0.06,,com.sec.android.app.shealth,25.79,2.2142856,da3d7386-2e17-4566-aee4-e446bc0145e9,1,
384.0,13.222222,7.5555553,0.0,26.0,,,fatsecret-2207,100,551.0,1.2,12.96,2024-11-22 16:12:20.391,2024-11-22 14:38:25.914,5.947,11.69,3.192,9.666667,Beef Curry,2.73,,1.5384616,184.0,g,,EmOHuC/o0o,g,2.883,,com.sec.android.app.shealth,5.8,0.54347825,92f1ac9a-50f8-4091-8169-220215347ea3,100,
320.0,93.44444,6.5555553,0.0,0.0,,,fatsecret-36320,100,69.0,2.8,0.24,2024-11-26 05:35:53.533,2024-11-26 05:35:53.533,0.014,0.93,0.117,1.6666667,Carrots,4.54,,2.5384614,41.0,g,,EmOHuC/o0o,g,0.037,0.0,com.sec.android.app.shealth,9.58,2.4390244,2f4dedf9-d2bb-41f3-91d2-eaeb2e486edb,100,
0.0,0.0,0.0,0.0,0.0,"606.0 kcal, 1",,quickinput-ce1f84d2-6884-486c-9e29-18217a9aa4af,1,0.0,7.0,24.0,2025-03-06 15:59:03.686,2024-11-19 08:53:27.095,0.0,31.0,0.0,0.0,EATCLUB Grilled Chicken Power Sandwich,0.0,0.0,0.0,606.0,serving,,3QItrwNcp5,120001,0.0,0.0,com.sec.android.app.shealth,66.0,1.0,3ef4b563-9693-425b-8ad4-10df5e902b26,1,
59.0,6.7777777,0.0,0.0,185.0,,,fatsecret-3095,44,129.0,0.0,4.36,2024-11-26 05:40:50.114,2024-08-19 10:46:54.280,1.67,5.51,0.598,4.4444447,Poached Egg,0.34,,1.7692307,64.0,medium,,EmOHuC/o0o,g,1.358,,com.sec.android.app.shealth,0.34,0.6875,d1451d64-ac85-430e-8d12-c750c9aa8afc,1,
0.0,0.0,0.0,0.0,0.0,"488.0 kcal, 1",,quickinput-3d9e42c0-adab-4680-95d4-949796395a6b,1,0.0,12.0,20.0,2024-11-26 07:44:18.006,2024-11-26 07:43:59.156,0.0,29.0,0.0,0.0,Pro Bowl Burritto,0.0,0.0,0.0,488.0,serving,,EmOHuC/o0o,120001,0.0,0.0,com.sec.android.app.shealth,50.0,1.0,8ea26e5f-c9b3-434e-a81f-9fb2ec5ee474,1,
72.0,12.666667,0.33333334,0.0,44.0,,,fatsecret-38873,80,166.0,0.3,18.0,2025-02-18 18:23:13.721,2024-08-09 14:52:06.986,6.907,4.4,1.282,2.7777777,Cheesecake,,,3.1538463,257.0,piece (1/6 of 17 oz cake),,3QItrwNcp5,g,7.937,,com.sec.android.app.shealth,20.4,0.31128404,fc3840cd-8bdb-44a9-9647-e428091cef98,1,
22.0,15.111111,5.111111,0.0,0.0,,,fatsecret-4619,25,197.0,0.8,0.12,2024-11-26 16:50:05.420,2024-11-26 16:50:05.420,0.022,1.66,0.061,37.11111,Corn Flakes,2.34,,1.1538461,90.0,cup,,EmOHuC/o0o,g,0.034,,com.sec.android.app.shealth,21.74,0.2777778,38857e27-db80-4b7b-87cf-d052ea1ba0e8,1,
54.0,0.0,0.0,0.0,0.0,,,fatsecret-5341,8,0.0,0.7,0.03,2025-03-03 15:30:55.211,2024-11-19 15:27:44.747,0.003,0.2,0.002,0.44444445,Date,5.26,,0.23076923,23.0,date,,3QItrwNcp5,g,0.003,,com.sec.android.app.shealth,6.23,0.3608696,ffb69f0b-5e30-4447-beac-91434c68b311,1,
,0.0,0.0,0.0,,,,fatsecret-18213757,30,,1.5,4.5,2024-11-27 06:41:38.253,2024-11-27 06:41:38.253,,2.1,,0.0,Chocos Fills(Kellogg's),,,0.0,131.0,serving,,EmOHuC/o0o,g,,,com.sec.android.app.shealth,21.3,0.22900763,8232951b-c396-4ceb-b959-4fb523bc6155,1,
,0.0,0.0,0.0,5.0,,,fatsecret-45772764,100,47.0,,1.9,2024-11-27 06:49:34.795,2024-11-27 06:49:34.795,,6.8,,0.0,Greek Yogurt Blueberry(Epigamia),11.1,,0.0,100.0,serving,,EmOHuC/o0o,g,1.4,,com.sec.android.app.shealth,13.9,1.0,3fe3d7e7-ff7a-478d-8a12-4d3d6b6d4e24,1,
188.0,0.0,0.0,0.0,0.0,,,fatsecret-45504818,100,125.0,10.0,10.6,2025-02-19 12:39:40.191,2024-08-06 03:37:27.584,0.0,30.0,0.0,0.0,Max Protein Ultimate(Rite Bite),2.8,,0.0,336.0,serving,,3QItrwNcp5,g,2.8,0.0,com.sec.android.app.shealth,46.6,0.29761904,d4c31114-2be3-4c11-b6e8-953d6a553751,1,
256.0,0.6666667,0.0,0.0,85.0,,,fatsecret-34449,100,74.0,0.0,3.57,2024-11-27 06:50:51.744,2024-11-14 15:11:55.308,1.24,31.02,0.77,5.7777777,"Chicken Breast Meat (Broilers or Fryers, Roasted, Cooked)",0.0,,1.1538461,165.0,g,,EmOHuC/o0o,g,1.01,,com.sec.android.app.shealth,0.0,0.6060606,1a91b805-708b-498d-b2ff-c63aea8cf650,100,
,0.0,0.0,0.0,,,,fatsecret-41076673,41,,,3.0,2024-11-27 06:55:14.468,2024-11-27 06:55:14.468,,0.0,,0.0,Fruitella(Fruittella),,,0.0,164.0,serving,,EmOHuC/o0o,g,,,com.sec.android.app.shealth,34.0,0.25,c15e6f81-b620-4c58-ae4c-2481ca04dd00,1,
,0.0,0.0,0.0,,,,fatsecret-80397226,182,400.0,,33.2,2024-11-27 10:39:11.127,2024-11-27 10:39:11.127,,31.9,,0.0,2Pc Hot Crispy Chicken(KFC),0.0,,0.0,529.0,serving,,EmOHuC/o0o,g,13.1,0.07,com.sec.android.app.shealth,25.8,0.34404537,db7e131a-635e-48be-b0e4-f783644dcf07,1,
739.0,51.0,0.0,0.0,183.0,"364.0 kcal, 1",,quickinput-09f04d5b-dfb2-450c-9b52-9ee780fa5c0c,1,629.0,7.0,17.0,2024-11-28 05:24:46.096,2024-11-28 05:19:49.313,0.0,27.0,0.0,0.0,Prawn Tostada,2.0,0.0,0.0,364.0,serving,,EmOHuC/o0o,120001,3.0,0.0,com.sec.android.app.shealth,0.0,1.0,eaf2f55a-ff90-428a-b512-08500fb1ceb6,1,
224.0,11.333333,1.4444444,0.0,71.0,,,fatsecret-3900,120,223.0,0.2,10.43,2024-11-28 05:24:46.124,2024-11-28 05:24:46.124,3.077,6.59,0.509,4.4444447,Tres Leche Cake,36.08,,14.692307,295.0,piece (1/12 of cake),,EmOHuC/o0o,g,6.17,,com.sec.android.app.shealth,45.02,0.40677965,7a8a308e-6690-4b7c-aa0e-e18b7ce6d3db,1,
425.0,0.0,0.0,0.0,0.0,"195.0 kcal, 1",,quickinput-29e7d06d-6c24-4caa-bc11-db5b0aea301f,1,150.0,8.0,11.0,2024-11-28 05:24:46.074,2024-11-28 05:13:44.212,0.0,5.0,0.0,0.0,Avocado Toast,1.0,0.0,0.0,195.0,serving,,EmOHuC/o0o,120001,1.5,0.0,com.sec.android.app.shealth,20.0,1.0,afbbb8c3-50d6-4790-92c6-2e40da42bed3,1,
127.0,10.777778,0.0,0.0,22.0,,,fatsecret-1335,83,734.0,1.2,12.67,2024-11-28 14:58:38.895,2024-11-28 14:58:38.895,4.211,9.1,2.109,11.333333,Cheese Sandwich,3.95,,17.923077,261.0,sandwich,,EmOHuC/o0o,g,5.378,,com.sec.android.app.shealth,27.6,0.31800765,f5ba1a4a-9ef7-4429-b625-962889997cd9,1,
193.0,4.111111,5.7777777,0.0,51.0,,,fatsecret-5793,69,186.0,0.9,8.34,2024-11-28 07:58:17.144,2024-11-28 07:58:17.144,4.308,2.95,1.399,3.0000002,Potato Patty,1.03,,1.4615384,135.0,patty (3" to 3-1/2" dia),,EmOHuC/o0o,g,2.078,,com.sec.android.app.shealth,11.99,0.51111114,db8b8b25-0d42-4bfb-8736-38e9307ddf2c,1,
35.0,0.0,0.0,0.0,0.0,,,fatsecret-5072936,100,235.0,0.4,0.28,2024-11-28 15:03:09.181,2024-11-28 15:03:09.181,0.087,2.67,0.075,6.6111116,Steamed Rice,0.05,,0.7692308,129.0,g,,EmOHuC/o0o,g,0.077,,com.sec.android.app.shealth,28.0,0.7751938,ca14219d-c699-46d5-895b-804299818245,100,
279.0,1.2222222,4.6666665,0.0,260.0,,,fatsecret-38136,100,306.0,0.0,7.48,2024-11-28 15:03:09.180,2024-11-28 15:03:09.180,2.749,17.94,2.136,5.611111,"Squid (Mixed Species, Cooked, Fried)",,,3.0,175.0,g,,EmOHuC/o0o,g,1.878,,com.sec.android.app.shealth,7.79,0.5714286,ba343c3c-e466-4d52-ac43-17d4456c7335,100,
202.0,4.6666665,3.7777777,0.0,103.0,,,fatsecret-5099,198,822.0,1.4,12.34,2024-11-29 14:13:24.743,2024-08-13 09:24:26.224,3.776,12.47,5.344,15.277778,Fried Rice,1.5,,2.9230769,333.0,cup,,EmOHuC/o0o,g,2.251,,com.sec.android.app.shealth,41.7,0.5945946,b9e8844e-f554-45a1-985e-6f2b7c3c5c13,1,
,0.0,0.0,0.0,8.0,,,fatsecret-80439285,124,910.0,7.3,12.6,2024-11-29 17:49:07.762,2024-11-29 17:49:07.762,,15.8,,0.0,Sausage & Sweet Corn Pizza(Pizza Hut),,,0.0,363.0,serving,,EmOHuC/o0o,g,6.9,0.3,com.sec.android.app.shealth,46.6,0.3415978,599734f1-e8ad-4e60-bb8d-873fa2bb661c,1,
,0.0,0.0,0.0,0.0,,,fatsecret-52180140,50,,4.0,7.9,2024-11-30 10:03:22.804,2024-11-30 10:03:22.804,,10.0,,0.0,Max Protein Choco Classic Bar(Rite Bite),7.9,,0.0,206.0,serving,,EmOHuC/o0o,g,2.9,0.0,com.sec.android.app.shealth,26.8,0.24271844,c0b3ab54-1862-4db1-b57c-ff2611a480bf,1,
0.0,0.0,0.0,0.0,0.0,,,fatsecret-51318439,100,0.0,0.0,26.3,2024-11-30 13:24:58.114,2024-11-30 13:24:58.114,11.2,8.0,2.6,0.0,Peppy Tomato Discs(SM Foods),6.2,,0.0,505.0,serving,,EmOHuC/o0o,g,12.0,0.0,com.sec.android.app.shealth,59.2,0.1980198,d6b2a7b4-88dc-4031-b0de-55b36c11e7b5,1,
,0.0,0.0,0.0,,,,fatsecret-64455047,100,117.0,12.0,9.0,2024-11-30 13:31:21.327,2024-11-30 13:31:21.327,3.6,11.1,3.6,0.0,Oats Multigrain(Quaker),2.2,,0.0,407.0,serving,,EmOHuC/o0o,g,1.8,0.0,com.sec.android.app.shealth,71.0,0.24570024,8fd1a8d0-e89d-42e4-b06a-b48052e6c213,1,
,0.0,0.0,0.0,,,,fatsecret-16313764,100,,,4.5,2024-11-30 14:52:30.573,2024-11-30 14:52:30.573,,3.2,,0.0,Milk(Aavin),,,0.0,74.0,serving,,EmOHuC/o0o,ml,,,com.sec.android.app.shealth,4.7,,93e4f586-a33b-4791-9018-2adcad5c1350,1,
129.0,0.0,0.22222222,0.0,0.0,,,fatsecret-5342,19,2.0,1.9,0.18,2024-11-30 14:52:30.576,2024-11-30 14:52:30.576,0.03,0.63,0.066,2.1666667,Dried Fig,9.1,,2.3846154,47.0,fig,,EmOHuC/o0o,g,0.027,,com.sec.android.app.shealth,12.14,0.40425533,de6ac831-1674-4fbf-98b4-3a10bd9362a3,1,
749.0,0.0,2.5555556,0.0,0.0,,,fatsecret-5363,100,11.0,3.7,0.46,2024-11-30 14:52:30.576,2024-11-30 14:52:30.576,0.051,3.07,0.037,10.444445,Raisins,59.19,,3.8461537,299.0,g,,EmOHuC/o0o,g,0.058,,com.sec.android.app.shealth,79.18,0.33444816,eb10a5bf-54f1-4390-9461-c242c3d1463d,100,
257.0,2.0,0.0,0.0,94.0,,,fatsecret-34397,100,91.0,0.1,9.12,2024-12-01 11:10:29.297,2024-12-01 11:10:29.297,3.35,30.57,2.15,7.5,"Chicken Meat (Broilers or Fryers, Fried, Cooked)",0.0,,1.3076923,219.0,g,,EmOHuC/o0o,g,2.46,,com.sec.android.app.shealth,1.69,0.456621,ce396872-8539-4898-9f5a-421758af82fc,100,
265.0,0.0,0.0,0.0,18.0,,,fatsecret-10492080,100,136.0,1.8,26.0,2024-12-01 12:12:50.444,2024-11-13 16:17:45.622,6.2,7.7,2.3,0.0,Dairy Milk Crackle(Cadbury),51.6,,0.0,516.0,serving,,EmOHuC/o0o,g,17.5,0.1,com.sec.android.app.shealth,63.6,0.19379845,5f68b459-02b8-4d44-9028-7c11debd8dcd,1,
,0.0,0.0,0.0,,,,fatsecret-80347275,132,448.0,,9.0,2024-12-01 15:52:47.714,2024-11-26 05:38:22.104,,28.0,,0.0,Chicken Wings Grilled (4Pcs)(Burger King),0.0,,0.0,335.0,serving,,EmOHuC/o0o,g,3.0,0.0,com.sec.android.app.shealth,37.0,0.39402986,bbcdb52f-4072-4ce5-91cd-75a6c679de1a,1,
,0.0,0.0,0.0,,,,fatsecret-80347192,182,887.0,,28.3,2024-12-01 15:52:47.731,2024-08-23 05:38:36.694,,17.4,,0.0,Crispy Chicken Double Patty(Burger King),10.2,,0.0,535.0,serving,,EmOHuC/o0o,g,10.4,0.1,com.sec.android.app.shealth,52.7,0.34018692,43d0f339-22f1-4a2d-bac9-482ecd2d812b,1,
,0.0,0.0,0.0,,,,fatsecret-80347253,140,808.0,,18.6,2024-12-01 15:52:47.737,2024-12-01 15:52:47.737,,31.8,,0.0,Chicken Wings Fried (4Pcs)(Burger King),0.0,,0.0,300.0,serving,,EmOHuC/o0o,g,7.2,0.0,com.sec.android.app.shealth,16.2,0.46666667,a5a710cd-4141-43dd-ad20-277fdd1d268b,1,
178.0,0.5555556,62.333332,0.0,0.0,,,fatsecret-5466,155,2.0,2.2,0.19,2024-12-02 16:45:33.487,2024-12-02 16:45:33.487,0.022,0.84,0.065,2.3888888,Pineapple,14.35,,1.5384616,74.0,"cup, diced",,EmOHuC/o0o,g,0.014,,com.sec.android.app.shealth,19.58,2.0792952,3ca12f4a-7b5a-4dd2-84e5-9e0f81cec635,1,
243.0,3.1111112,0.0,0.0,83.0,,,fatsecret-1641,100,393.0,0.0,7.72,2024-12-02 16:48:09.390,2024-12-02 16:48:09.390,3.005,29.55,1.646,5.8888884,Chicken Breast,0.0,,1.0769231,195.0,g,,EmOHuC/o0o,g,2.172,,com.sec.android.app.shealth,0.0,0.51282054,13047dde-9247-495d-85a2-a56917f5362e,100,
26.0,0.0,0.0,0.0,0.0,,,fatsecret-39727,100,0.0,,0.19,2024-12-02 16:48:09.390,2024-12-02 16:48:09.390,0.058,2.36,0.05,8.111111,"White Rice (Short-Grain, Cooked)",,,0.07692308,130.0,g,,EmOHuC/o0o,g,0.051,,com.sec.android.app.shealth,28.73,0.7692308,6d4e6605-b863-480f-abbd-922755231d9a,100,
483.0,0.0,20.11111,0.0,0.0,,,fatsecret-5735,100,101.0,2.5,7.0,2024-12-02 16:48:09.390,2024-12-02 16:48:09.390,2.329,2.32,3.442,5.0,Roasted Potato,0.9,,1.0769231,149.0,g,,EmOHuC/o0o,g,0.9,,com.sec.android.app.shealth,20.06,0.67114097,4d6b0397-53ac-4ccf-8844-2d4478b48888,100,
,0.0,0.0,0.0,,,,fatsecret-80439397,127,827.0,4.5,15.2,2024-12-02 16:48:09.391,2024-12-02 16:48:09.391,,8.1,,0.0,Classic Onion Capsicum(Pizza Hut),,,0.0,390.0,serving,,EmOHuC/o0o,g,2.7,,com.sec.android.app.shealth,55.2,0.32564104,3297d17b-6d64-4957-bcc0-fd2f42023fe2,1,
16.0,0.0,0.7777778,0.0,0.0,,,fatsecret-690944,8,17.0,0.2,0.08,2024-12-02 16:48:09.391,2024-12-02 16:48:09.391,0.023,0.21,0.038,0.3888889,Baby Corn,0.28,,0.0,6.0,ear,,EmOHuC/o0o,g,0.012,,com.sec.android.app.shealth,1.49,1.3333334,d6c5797e-bb60-42e8-9d6d-2ee96eed24a7,1,
318.0,2.4444444,8.0,0.0,0.0,,,fatsecret-5726,100,238.0,1.7,2.24,2024-12-03 03:45:13.259,2024-08-23 05:38:36.694,1.015,1.66,0.671,1.6666667,Boiled Potato (without Peel),0.82,,0.61538464,102.0,g,,EmOHuC/o0o,g,0.428,,com.sec.android.app.shealth,19.41,0.98039216,e96ad0b3-786b-4187-b154-24a797030eac,100,
259.0,0.5555556,6.7777777,0.0,0.0,,,fatsecret-5481,100,3.0,0.6,0.3,2025-03-06 10:42:58.139,2024-12-03 07:08:39.542,0.046,0.95,0.063,1.6666667,Pomegranate,16.57,,0.23076923,68.0,g,,3QItrwNcp5,g,0.038,,com.sec.android.app.shealth,17.17,1.4705882,50eac6c1-34bf-476b-b952-23e1d5060d5f,100,
112.0,3.1111112,9.000001,0.0,0.0,,,fatsecret-35984,100,1.0,0.4,0.15,2024-12-03 07:08:39.542,2024-12-03 07:08:39.542,0.037,0.61,0.05,1.3333334,Watermelon,6.2,,0.53846157,30.0,g,,EmOHuC/o0o,g,0.016,,com.sec.android.app.shealth,7.55,3.3333333,f2152b2b-7e7c-4e45-b252-50106bf6f697,100,
29.0,0.0,0.0,0.0,0.0,,,fatsecret-39725,100,0.0,0.3,0.21,2024-12-03 15:57:15.585,2024-12-03 15:57:15.585,0.065,2.38,0.056,8.277778,"White Rice (Medium-Grain, Cooked)",,,0.23076923,130.0,g,,EmOHuC/o0o,g,0.057,,com.sec.android.app.shealth,28.59,0.7692308,94c8ac56-7d16-4f6a-b321-4e60cb8979e9,100,
,0.0,0.0,0.0,,,,fatsecret-56770888,45,55.0,,0.9,2024-12-04 09:54:20.855,2024-12-04 09:54:20.855,,4.0,,0.0,Instant Idiyappam(Double Horse),,,0.0,156.0,serving,,EmOHuC/o0o,g,,,com.sec.android.app.shealth,33.0,0.28846154,74534524-72bf-4c8d-9b02-c80c64d1c3ad,1,
,0.0,0.0,0.0,31.0,,,fatsecret-60808512,100,225.0,,9.58,2024-12-04 15:32:22.932,2024-12-04 15:32:22.932,,8.37,,0.0,Original Chicken Momos(Prasuma),,,0.0,205.0,serving,,EmOHuC/o0o,g,,,com.sec.android.app.shealth,21.41,0.4878049,59ae8a1c-14e9-4392-85d1-c8fa7c6209e2,1,
0.0,0.0,0.0,0.0,0.0,"690.0 kcal, 1",,quickinput-f3d277b4-01ba-459f-8a89-4a7d92aec317,1,0.0,7.0,0.0,2024-12-04 09:50:39.141,2024-12-04 09:49:27.031,0.0,22.0,0.0,0.0,HRX Eatfit Pesto Hummus Buddha Bowl,0.0,0.0,0.0,690.0,serving,,EmOHuC/o0o,120001,0.0,0.0,com.sec.android.app.shealth,0.0,1.0,6d963793-e6cd-4459-bc27-1cbe484e6219,1,
416.0,9.0,4.3333335,0.0,191.0,,,fatsecret-2683,162,786.0,1.9,19.93,2024-12-04 09:50:39.170,2024-12-04 09:50:39.170,8.651,30.5,6.579,21.055555,Kung Pao Shrimp,2.62,,6.3846154,345.0,cup,,EmOHuC/o0o,g,3.19,,com.sec.android.app.shealth,10.66,0.4695652,8a80d53a-c2b6-438a-bdef-4cf1c7ad931f,1,
,0.0,0.0,0.0,,,,fatsecret-4500866,26,,,4.1,2024-12-04 12:50:17.592,2024-11-30 10:03:22.804,,0.8,,0.0,5 Star(Cadbury),13.3,,0.0,117.0,serving,,EmOHuC/o0o,g,,,com.sec.android.app.shealth,19.0,0.22222222,e451a5ad-e9a9-49af-98e4-e6a58fae0fc8,1,
25.0,0.0,0.0,0.0,0.0,,,fatsecret-38820,25,170.0,0.6,0.82,2024-12-05 12:24:29.434,2024-12-05 12:24:29.434,0.17,1.91,0.339,5.2222223,White Bread,1.08,,2.9230769,66.0,slice,,EmOHuC/o0o,g,0.179,,com.sec.android.app.shealth,12.65,0.37878788,ebb6de44-ed49-4a77-a861-ee4aa6f7d33b,1,
0.0,0.0,0.0,0.0,0.0,"1.0 kcal, 1",,quickinput-c5d17885-f9f3-482f-9603-c993c762b675,1,0.0,0.0,0.0,2024-12-10 09:30:30.210,2024-08-14 03:50:41.521,0.0,0.1,0.0,50.0,CF MultiVitamins,0.0,0.0,1.5,1.0,serving,,EmOHuC/o0o,120001,0.0,0.0,com.sec.android.app.shealth,0.1,1.0,646c5128-29b8-4647-b218-a139edc37625,1,
0.0,0.0,0.0,0.0,0.0,"10.0 kcal, 1",,quickinput-1051b49d-3432-4498-bf2c-550a913eb8fe,1,0.0,0.0,1.0,2024-12-10 09:30:30.257,2024-08-12 07:51:02.582,0.0,0.3,0.0,0.0,Salmon Fish Oil Tablet,0.0,0.0,0.0,10.0,serving,,EmOHuC/o0o,120001,0.0,0.0,com.sec.android.app.shealth,0.0,1.0,b5987e92-a30f-4532-a6f7-77e9719ab20f,1,
170.0,4.7777777,13.666667,0.0,0.0,,,fatsecret-5491,152,2.0,0.6,0.23,2024-12-10 09:31:00.589,2024-12-10 09:31:00.589,0.056,0.93,0.076,2.0,Watermelon,9.42,,0.84615386,46.0,"cup, diced",,EmOHuC/o0o,g,0.024,,com.sec.android.app.shealth,11.48,3.3343174,3b43242c-e3a2-4268-976c-6565d31fd36d,1,
70.0,0.7777778,3.1111112,0.0,0.0,,,fatsecret-5572,17,41.0,0.4,0.05,2024-12-12 08:17:39.929,2024-08-12 07:01:36.134,0.01,0.23,0.028,0.8333334,Chutney,5.5,,0.46153846,25.0,tablespoon,,EmOHuC/o0o,g,0.012,,com.sec.android.app.shealth,6.26,0.68,617be537-5778-46fd-a1a1-b769e3bd0dc9,1,
210.0,4.111111,25.11111,0.0,13.0,,,fatsecret-6754,100,184.0,2.0,15.6,2024-12-12 16:43:59.725,2024-12-12 16:43:59.725,5.144,4.37,6.13,4.5555553,Fried Batter Dipped Cauliflower,3.66,,6.6923075,202.0,g,,EmOHuC/o0o,g,3.381,,com.sec.android.app.shealth,12.22,0.4950495,678cee14-9669-41c7-b625-cce8f60c04be,100,
254.0,0.6666667,0.0,0.0,84.0,,,fatsecret-1643,100,396.0,0.0,3.54,2024-12-12 16:44:53.422,2024-08-20 20:17:45.776,1.23,30.76,0.764,5.7222223,Chicken Breast (Skin Not Eaten),0.0,,1.1538461,164.0,g,,EmOHuC/o0o,g,1.002,,com.sec.android.app.shealth,0.0,0.6097561,899ee94c-384e-461d-8130-05f3debfed8a,100,
,0.0,0.0,0.0,0.0,,,fatsecret-46592234,100,671.0,3.2,28.41,2024-12-12 16:45:40.167,2024-08-21 17:45:47.697,8.82,8.86,3.19,0.0,Bhel Puri(Haldiram's),8.05,,0.0,462.0,serving,,EmOHuC/o0o,g,12.58,0.0,com.sec.android.app.shealth,42.81,0.21645021,86f42ab4-3145-408d-a176-78da19531090,1,
110.0,0.6666667,0.6666667,0.0,2.0,,,fatsecret-10716758,178,14.0,0.6,0.94,2024-12-12 16:45:40.178,2024-12-12 16:45:40.178,0.215,0.94,0.095,2.4444444,Chai,9.29,,2.9230769,54.0,teacup (6 fl oz),,EmOHuC/o0o,g,0.49,,com.sec.android.app.shealth,10.9,3.2962964,b045fec6-336c-4ce1-8b2c-f33eead4ab79,1,
73.0,0.7777778,0.0,0.0,3.0,,,fatsecret-2479699,178,15.0,0.1,0.84,2024-12-12 16:46:22.321,2024-08-06 16:35:24.887,0.208,0.95,0.05,0.16666667,Tea with Milk,1.38,,2.5384614,17.0,teacup (6 fl oz),,EmOHuC/o0o,g,0.478,,com.sec.android.app.shealth,1.51,10.470589,5bb35ff7-adb9-4e54-860f-98c54949d7f2,1,
,0.0,0.0,0.0,,,,fatsecret-46444546,100,,,11.5,2024-12-13 15:28:35.423,2024-11-16 03:59:19.971,,7.01,,0.0,Mini Samosa(McCain),5.19,,0.0,265.0,serving,,EmOHuC/o0o,g,5.56,0.1,com.sec.android.app.shealth,33.48,0.3773585,37cad0d3-4009-4db8-91f6-44b64c9c08c8,1,
259.0,0.5555556,6.7777777,0.0,0.0,,,fatsecret-35950,100,3.0,0.6,0.3,2024-12-13 15:28:35.429,2024-12-13 15:28:35.429,0.046,0.95,0.063,1.6666667,Pomegranates,16.57,,0.23076923,68.0,g,,EmOHuC/o0o,g,0.038,,com.sec.android.app.shealth,17.17,1.4705882,8e95fee5-c356-4c80-bfa7-d6ce2a5cd1ea,100,
0.0,0.0,0.0,0.0,0.0,"427.0 kcal, 1",,quickinput-1aeee80b-2677-497d-9040-70192531342c,1,0.0,0.0,0.0,2024-12-15 13:18:55.955,2024-12-15 13:18:44.731,0.0,0.0,0.0,0.0,Calamari Fritters,0.0,0.0,0.0,427.0,serving,,EmOHuC/o0o,120001,0.0,0.0,com.sec.android.app.shealth,0.0,1.0,6ade28dd-87eb-4d88-be70-524350891ccd,1,
0.0,0.0,0.0,0.0,0.0,"537.0 kcal, 1",,quickinput-56c96fd1-69c0-4138-97fe-2cef50e187ff,1,0.0,0.0,0.0,2024-12-15 13:23:38.222,2024-12-15 13:19:30.953,0.0,0.0,0.0,0.0,Kodiyal Roast,0.0,0.0,0.0,537.0,serving,,EmOHuC/o0o,120001,0.0,0.0,com.sec.android.app.shealth,0.0,1.0,c9ad74e3-fb6d-4a64-98c5-fafa532beeed,1,
241.0,1.7777778,0.0,0.0,88.0,,,fatsecret-448917,100,409.0,0.0,7.35,2024-12-15 13:23:38.241,2024-08-14 16:43:30.806,2.638,28.69,1.676,6.666667,Grilled Chicken (Skin Not Eaten),0.0,,1.1538461,188.0,g,,EmOHuC/o0o,g,2.023,,com.sec.android.app.shealth,0.0,0.5319149,2348032f-e8d8-4260-b046-51a2ecc7fd0f,100,
375.0,6.2222223,13.333333,0.0,46.0,,,fatsecret-64764417,255,753.0,2.8,10.16,2024-12-15 13:23:38.248,2024-12-15 13:23:38.248,3.897,22.11,2.527,16.61111,Chicken Pasta,3.42,,2.3846154,364.0,cup,,EmOHuC/o0o,g,2.556,0.518,com.sec.android.app.shealth,45.03,0.7005494,9811523f-8071-4089-a5fd-5c9e89864d62,1,
221.0,5.3333335,0.0,0.0,87.0,,,fatsecret-448901,100,405.0,0.0,13.49,2024-12-16 16:52:19.837,2024-08-08 07:56:53.036,5.296,27.07,2.945,6.9444447,Grilled Chicken,0.0,,1.1538461,237.0,g,,EmOHuC/o0o,g,3.758,,com.sec.android.app.shealth,0.0,0.42194092,33570d66-a902-45ce-b0f7-80178a7b0650,100,
385.0,6.3333335,96.888885,0.0,12.0,,,fatsecret-4744845,160,219.0,3.1,27.1,2024-12-16 16:57:02.650,2024-12-16 16:57:02.650,7.131,3.78,14.285,6.0000005,Broccoli Salad,12.87,,4.769231,330.0,cup,,EmOHuC/o0o,g,4.019,0.091,com.sec.android.app.shealth,20.56,0.4848485,bb73568d-7c0a-4864-9f9e-aa497a07a5b4,1,
,0.0,0.0,0.0,0.0,,,fatsecret-48806383,21,91.0,,1.64,2024-12-16 16:58:13.527,2024-12-16 16:58:13.527,,2.08,,0.0,Momos(Prasuma),0.61,,0.0,42.0,serving,,EmOHuC/o0o,g,0.71,0.05,com.sec.android.app.shealth,4.41,0.50595236,ee62737a-0490-4064-a53f-957f9b534798,1,
196.0,9.777778,14.444445,0.0,0.0,,,fatsecret-6343,140,433.0,4.3,4.34,2024-12-17 06:26:38.397,2024-12-17 06:26:38.397,1.889,2.55,1.358,4.888889,Color Cooked String Beans,2.07,,4.5384617,83.0,cup,,EmOHuC/o0o,g,0.83,,com.sec.android.app.shealth,10.65,1.686747,30ddc58a-d803-406b-824d-538d3a0e513a,1,
208.0,15.888889,13.666667,0.0,0.0,,,fatsecret-7182048,100,139.0,1.8,3.3,2024-12-17 06:28:16.934,2024-12-17 06:28:16.934,2.155,1.39,0.43,3.1666667,House Salad,3.27,,1.6923077,64.0,g,,EmOHuC/o0o,g,0.571,0.0,com.sec.android.app.shealth,7.92,1.5625,605feb9b-e8a7-41bb-aca9-2fa46834011d,100,
,0.0,0.0,0.0,18.0,,,fatsecret-86270661,100,75.0,,32.3,2024-12-17 06:32:07.239,2024-12-17 06:32:07.239,,6.8,,0.0,Smooth Milk Chocolate(Galaxy),54.7,,0.0,539.0,serving,,EmOHuC/o0o,g,20.1,0.36,com.sec.android.app.shealth,55.2,0.18552876,7e91c363-6162-4cfe-af71-7132e602044a,1,
382.0,0.22222222,21.333334,0.0,0.0,,,fatsecret-35792,100,4.0,2.4,0.6,2024-12-17 14:28:02.416,2024-12-15 12:15:45.764,,1.7,,3.9444444,Custard-Apple (Bullock's-Heart),,,2.3076923,101.0,g,,EmOHuC/o0o,g,0.231,,com.sec.android.app.shealth,25.2,0.990099,94677626-6a2a-4b3e-8938-ad06a9c50397,100,
0.0,0.0,0.0,0.0,0.0,"6.0 kcal, 1",,quickinput-e107172d-5064-438d-b856-dd8315b0463f,1,0.0,0.0,0.0,2024-12-18 13:12:22.022,2024-11-12 05:50:37.324,0.0,0.0,0.0,0.0,MB Pre-workout,0.0,0.0,0.0,6.0,serving,,EmOHuC/o0o,120001,0.0,0.0,com.sec.android.app.shealth,1.4,1.0,d49e8cf5-315d-40db-912c-2378acefae54,1,
243.0,3.1111112,0.0,0.0,83.0,,,fatsecret-1644,100,393.0,0.0,7.72,2024-12-18 13:14:00.374,2024-08-13 06:35:39.547,3.005,29.55,1.646,5.8888884,Roasted Broiled or Baked Chicken Breast,0.0,,1.0769231,195.0,g,,EmOHuC/o0o,g,2.172,,com.sec.android.app.shealth,0.0,0.51282054,fa8ea3b9-e868-4606-bd8d-2a8beb0decac,100,
235.0,93.888885,4.0,0.0,0.0,,,fatsecret-36785,100,302.0,3.0,0.18,2024-12-18 13:14:00.421,2024-11-20 13:38:05.670,0.006,0.76,0.089,1.8888888,"Carrots (with Salt, Drained, Cooked, Boiled)",3.45,,2.3076923,35.0,g,,EmOHuC/o0o,g,0.03,,com.sec.android.app.shealth,8.22,2.857143,270fbb0f-2cd0-4e02-85a1-81b2d6b525d3,100,
,0.0,0.0,0.0,,,,fatsecret-80396918,305,1200.0,,19.3,2024-12-18 19:04:07.465,2024-12-18 19:04:07.465,,9.7,,0.0,Veg Biryani(KFC),0.0,,0.0,512.0,serving,,EmOHuC/o0o,g,7.7,0.0,com.sec.android.app.shealth,74.5,0.5957031,8fd857a6-4655-45bd-8304-f167b4bbfc2a,1,
,0.0,0.0,0.0,,,,fatsecret-49401258,100,580.0,,10.0,2024-12-19 12:32:10.375,2024-12-19 12:32:10.375,,4.0,,0.0,Aloo Paratha(Haldiram's),,,0.0,240.0,serving,,EmOHuC/o0o,g,1.0,,com.sec.android.app.shealth,33.0,0.41666666,04af21aa-551b-47aa-abf5-02463fb27a0d,1,
130.0,0.0,0.0,0.0,0.0,,,fatsecret-62887568,53,310.0,2.0,5.0,2024-12-19 12:32:10.375,2024-12-19 12:32:10.375,,5.0,,0.0,Vegetable Cutlets(Deep),1.0,,0.0,120.0,serving,,EmOHuC/o0o,g,1.5,,com.sec.android.app.shealth,14.0,0.44166666,0cef4b49-e7f7-4eab-a49a-df5fb48433d4,1,
0.0,0.0,0.0,0.0,4.0,,,fatsecret-80465390,100,233.0,0.0,1.5,2024-12-19 12:39:18.901,2024-12-19 12:39:18.901,0.0,1.5,0.0,0.0,Butter Milk(Vijaya),2.0,,0.0,25.0,serving,,EmOHuC/o0o,ml,0.9,0.0,com.sec.android.app.shealth,2.0,,0cf33f51-4add-45d4-9ca7-119833c57195,1,
,0.0,0.0,0.0,,,,fatsecret-65248503,6,,0.0,1.72,2024-12-19 12:39:18.902,2024-12-19 12:39:18.902,,0.5,,0.0,Moments(Ferrero Rocher),2.7,,0.0,30.0,serving,,EmOHuC/o0o,g,0.684,0.0,com.sec.android.app.shealth,3.2,0.19333334,52f3a96e-06a0-46b5-ba9c-2ce951d7337c,1,
399.0,20.222221,12.555555,0.0,87.0,,,fatsecret-6393,236,153.0,2.6,7.41,2024-12-20 11:22:59.999,2024-12-20 11:22:59.999,2.226,7.86,0.559,5.7777777,"Lettuce Salad with Egg, Cheese, Tomato, and/or Carrots",4.44,,12.538462,123.0,garden salad,,EmOHuC/o0o,g,4.007,,com.sec.android.app.shealth,7.41,1.9186991,e47f1bb2-fbc7-41c2-bf77-56a7999fc2df,1,
136.0,0.44444445,3.5555556,0.0,0.0,,,fatsecret-6244,100,2.0,0.7,0.16,2025-03-05 14:28:15.834,2024-08-20 20:15:12.892,0.002,0.59,0.003,1.2222222,Cucumber,1.38,,1.0769231,12.0,g,,3QItrwNcp5,g,0.013,,com.sec.android.app.shealth,2.16,8.333333,4a3e88b4-2992-4998-a9b4-830513348a52,100,
257.0,6.111111,68.666664,0.0,0.0,,,fatsecret-5441,100,3.0,1.8,0.14,2025-03-06 10:42:58.132,2024-08-07 05:11:34.462,0.038,0.61,0.031,0.5555556,Papaya,5.9,,1.8461539,39.0,g,,3QItrwNcp5,g,0.043,,com.sec.android.app.shealth,9.81,2.5641026,18897b5c-c9e3-484c-9ed7-3a75894dfd15,100,
,0.0,0.0,0.0,,,,fatsecret-24458993,100,,,2.0,2024-12-25 13:16:17.500,2024-12-12 18:53:27.946,,7.0,,0.0,Blueberry Greek Yogurt(Epigamia),8.0,,0.0,104.0,serving,,EmOHuC/o0o,g,1.0,,com.sec.android.app.shealth,14.0,0.96153843,ed8a8c2e-12de-4e8b-9643-07349ab8e8b7,1,
,0.0,0.0,0.0,,,,fatsecret-49132110,20,,,6.0,2024-12-25 13:16:17.525,2024-12-24 16:47:40.671,,2.0,,0.0,Joy(Kinder),10.0,,0.0,110.0,serving,,EmOHuC/o0o,g,3.0,,com.sec.android.app.shealth,11.0,0.18181819,12bedf8c-f23e-4300-883c-6f864b035a67,1,
0.0,0.0,0.0,0.0,0.0,"766.0 kcal, 1",,quickinput-1a33b216-f1f8-489f-a4f2-a1b3f7c0ad69,1,0.0,0.0,0.0,2025-03-04 13:45:59.961,2024-11-21 14:36:41.267,0.0,35.0,0.0,0.0,HRX EATFIT Chef's Special Chicken & Red Rice Meal,0.0,0.0,0.0,766.0,serving,,3QItrwNcp5,120001,0.0,0.0,com.sec.android.app.shealth,0.0,1.0,5577fc25-5b3a-4f65-a08f-7e345abc164b,1,
,0.0,0.0,0.0,,,,fatsecret-32159004,100,,,3.1,2024-12-26 14:24:58.686,2024-12-26 14:24:58.686,,3.3,,0.0,Toned Milk(Nandini),4.8,,0.0,60.0,serving,,EmOHuC/o0o,ml,2.0,0.08,com.sec.android.app.shealth,4.8,,eaa98ddc-ba12-4d25-a2b1-53d040c426a4,1,
,0.0,0.0,0.0,,,,fatsecret-66442660,100,438.0,6.1,5.9,2024-12-30 15:56:10.029,2024-09-03 18:27:08.849,1.9,8.4,2.2,0.0,Chapathi(Modern),,,0.0,255.0,serving,,EmOHuC/o0o,g,1.8,,com.sec.android.app.shealth,42.0,0.39215687,253f4885-7fe7-4e96-ae21-1f0cf09f6d76,1,
,0.0,0.0,0.0,,,,fatsecret-5680946,263,,,3.0,2024-12-30 15:57:24.939,2024-08-12 07:01:36.134,,9.0,,0.0,Sambhar(Saravana Bhavan),,,0.0,170.0,serving,,EmOHuC/o0o,g,,,com.sec.android.app.shealth,30.0,1.5470588,277165f1-509d-41fb-9632-54d0ba27d9de,1,
75.0,0.0,0.0,0.0,0.0,,,fatsecret-80032155,28,180.0,1.0,3.5,2024-12-30 15:57:24.951,2024-12-30 15:57:24.951,,2.0,,0.0,Coconut Chutney(Deep),1.0,,0.0,60.0,serving,,EmOHuC/o0o,g,1.0,0.0,com.sec.android.app.shealth,6.0,0.46666667,2026b0dd-c0c5-4b63-8401-34f558a9a702,1,
,0.0,0.0,0.0,0.0,,,fatsecret-44089206,50,,5.0,6.8,2025-03-10 19:08:15.734,2024-08-06 16:34:12.195,,10.0,,0.0,Max Protein Choco Almond Bar(Rite Bite),0.5,,0.0,179.0,serving,,3QItrwNcp5,g,1.2,0.0,com.sec.android.app.shealth,27.5,0.2793296,0d03d04b-88e5-4e8e-b63f-e3e98887afbe,1,
0.0,0.0,0.0,0.0,16.0,"319.0 kcal, 1",,quickinput-96a58435-8383-436b-b1b5-6dfe470463f0,1,3.4,3.8,8.0,2025-01-20 15:32:16.188,2024-08-13 06:51:58.315,0.0,7.0,0.0,0.0,Pongal,0.0,0.0,0.0,319.0,serving,,EmOHuC/o0o,120001,4.3,3.3,com.sec.android.app.shealth,54.0,1.0,cb5ed05c-617e-46d9-b788-e02bc3b9f712,1,
62.0,0.11111111,0.0,0.0,0.0,,,fatsecret-2479602,177,6.0,0.0,0.15,2025-01-20 15:32:16.203,2024-08-05 18:00:08.140,0.035,0.33,0.012,0.3888889,Coffee with Milk,0.22,,0.84615386,6.0,coffee cup (6 fl oz),,EmOHuC/o0o,g,0.082,,com.sec.android.app.shealth,0.84,29.5,824d9232-743e-4e68-a44a-9a556eb815eb,1,
117.0,11.111111,0.22222222,0.0,216.0,,,fatsecret-3121,82,280.0,0.3,7.34,2025-03-04 11:27:31.803,2025-01-20 15:34:06.915,2.925,7.22,1.274,5.6666665,Egg Omelet or Scrambled Egg with Vegetables,1.86,,4.0,106.0,large egg,,3QItrwNcp5,g,2.169,,com.sec.android.app.shealth,2.38,0.7735849,c77c2aff-1fa0-4b2d-b44c-7ed2ee5e3630,1,
0.0,0.0,0.0,0.0,0.0,"789.0 kcal, 1",,quickinput-20fe6835-c802-4122-b7d4-2390e9d06b10,1,0.0,0.0,0.0,2025-03-06 16:00:15.752,2024-11-16 04:01:56.366,0.0,36.0,0.0,0.0,Butter Chicken and Red Rice EATCLUB,0.0,0.0,0.0,789.0,serving,,3QItrwNcp5,120001,0.0,0.0,com.sec.android.app.shealth,0.0,1.0,9c2fc978-74df-4162-8c80-d239a391fac1,1,
,0.0,0.0,0.0,,,,fatsecret-2374872,1,,,1.96,2025-01-25 12:20:15.026,2024-08-23 05:34:31.039,,2.3,,0.0,Dosa(Saravana Bhavan),,,0.0,80.0,serving,,EmOHuC/o0o,,,,com.sec.android.app.shealth,17.0,,53abb0bf-7f7c-4cf2-a06b-cbc7dde8fc76,1,
0.0,0.0,0.0,0.0,0.0,"232.0 kcal, 1",,quickinput-16b8904f-f009-4e55-ad63-db41a649466d,1,0.0,0.0,0.0,2025-03-03 15:28:31.823,2024-08-05 17:52:11.580,0.0,0.0,0.0,0.0,Idli,0.0,0.0,0.0,232.0,serving,,3QItrwNcp5,120001,0.0,0.0,com.sec.android.app.shealth,0.0,1.0,0d233a25-2001-40b5-b073-ff4978704342,1,
437.0,2.5555556,0.5555556,0.0,88.0,,,fatsecret-1941,134,174.0,0.3,15.24,2025-01-25 12:20:15.069,2024-08-06 09:38:26.618,6.636,22.41,4.438,5.388889,Fried Battered Fish,0.55,,3.3846154,267.0,fillet (6-1/4" x 3-1/2" x 3/8"),,EmOHuC/o0o,g,3.205,,com.sec.android.app.shealth,8.99,0.50187266,d4f4d7b1-acc5-482c-88d1-2ad33a7fc622,1,
351.0,2.2222223,0.5555556,0.0,58.0,,,fatsecret-1936,100,81.0,0.0,0.92,2025-01-25 12:20:15.121,2024-11-28 15:03:09.180,0.16,17.76,0.364,1.6666667,Fish,0.0,,1.0,84.0,g,,EmOHuC/o0o,g,0.195,,com.sec.android.app.shealth,0.0,1.1904762,6870bb1a-b20b-47e3-b9a9-15ef9200355b,100,
71.0,0.7777778,0.0,0.0,3.0,,,fatsecret-2479693,178,14.0,0.1,0.82,2025-01-25 12:21:01.160,2024-08-13 06:36:11.930,0.204,0.93,0.049,0.16666667,Tea with Milk and Sugar,4.84,,2.5384614,30.0,teacup (6 fl oz),,EmOHuC/o0o,g,0.469,,com.sec.android.app.shealth,4.97,5.9333334,08cb9d20-6fe0-4ee0-b3d9-0e4198069843,1,
,0.0,0.0,0.0,0.0,,,fatsecret-5680932,58,306.0,5.0,11.0,2025-01-25 12:21:01.180,2024-08-05 17:54:23.118,,4.0,,0.0,Vada(Saravana Bhavan),0.0,,0.0,190.0,serving,,EmOHuC/o0o,g,4.0,,com.sec.android.app.shealth,18.0,0.30526316,fbeac5f4-38d2-47da-8663-a1fb69d814dd,1,
237.0,1.5555556,77.44444,0.0,0.0,,,fatsecret-5271,131,0.0,3.1,0.16,2025-03-07 16:38:07.910,2024-08-13 06:45:40.744,0.03,1.23,0.033,0.7222222,Orange,12.25,,4.0,62.0,medium (2-5/8" dia),,3QItrwNcp5,g,0.02,,com.sec.android.app.shealth,15.39,2.112903,3433bda6-c511-4202-8638-b3e63be8f017,1,
,0.0,0.0,0.0,,,,fatsecret-45776458,100,,,31.9,2025-01-25 12:23:22.892,2025-01-25 12:23:22.892,,4.6,,0.0,Frostik(Amul),18.2,,0.0,411.0,serving,,EmOHuC/o0o,ml,19.9,0.2,com.sec.android.app.shealth,26.3,,992fc742-c82a-4046-8b53-6afaaa6885ca,1,
60.0,4.3333335,0.11111111,0.0,13.0,,,fatsecret-3451,44,142.0,0.7,5.1,2025-01-26 06:19:58.214,2024-11-17 14:42:32.426,1.265,3.74,0.349,6.4999995,Indian Flatbread Naan,0.85,,1.9230769,137.0,piece (1/4 of 10" dia),,EmOHuC/o0o,g,3.028,,com.sec.android.app.shealth,18.8,0.3211679,a40e2768-2288-4faa-a71f-dfd1f84cb0f6,1,
,0.0,0.0,0.0,,,,fatsecret-80396923,341,1000.0,,27.4,2025-03-07 16:38:47.680,2024-08-08 07:56:53.036,,28.4,,0.0,Classic Chicken Biryani(KFC),0.0,,0.0,587.0,serving,,3QItrwNcp5,g,10.3,0.0,com.sec.android.app.shealth,56.4,0.5809199,a79799dc-b1cc-4db2-8444-2bce0c8f46c5,1,
439.0,6.3333335,2.6666667,0.0,142.0,,,fatsecret-2257,197,420.0,0.4,18.12,2025-01-26 06:19:58.249,2025-01-26 06:19:58.249,7.08,45.39,4.083,12.611111,Chicken or Turkey with Barbecue Sauce (Skin Eaten),1.4,,2.1538463,374.0,serving (197g),,EmOHuC/o0o,g,4.956,,com.sec.android.app.shealth,4.57,0.526738,09e37554-f638-45b9-9b6b-bae5638020bf,1,
304.0,17.777779,5.0,0.0,250.0,,,fatsecret-2274,236,1199.0,0.2,13.43,2025-01-26 06:24:51.982,2024-11-28 17:07:33.163,5.244,24.73,3.559,13.388889,Curried Shrimp,7.53,,23.23077,276.0,cup,,EmOHuC/o0o,g,3.601,,com.sec.android.app.shealth,12.79,0.85507244,8d90c1d5-cb00-4a88-8ed0-521bdf2d809d,1,
0.0,3.0,0.0,0.0,0.0,"73.0 kcal, 1",,quickinput-3509bd7d-1567-4a50-8f51-db207e88d5b0,1,0.0,0.0,4.5,2025-02-19 15:01:06.096,2024-11-12 16:32:30.804,0.0,3.3,0.0,0.0,Rich Milk (Nilgiris),0.0,0.0,10.0,73.0,serving,,3QItrwNcp5,120001,2.8,0.1,com.sec.android.app.shealth,4.7,1.0,a028690d-8a6e-47fd-98f4-5fc8632949bd,1,
485.0,0.7777778,11.111111,0.0,0.0,,,fatsecret-5387,100,7.0,6.7,14.66,2025-01-26 06:26:02.510,2025-01-26 06:26:02.510,9.799,2.0,1.816,3.0555556,Avocado,0.66,,0.9230769,160.0,g,,EmOHuC/o0o,g,2.126,,com.sec.android.app.shealth,8.53,0.625,6307ff8d-320f-4412-aa25-dc9d65b42286,100,
191.0,0.33333334,12.0,0.0,0.0,,,fatsecret-5422,100,2.0,0.9,0.16,2025-03-04 05:03:35.842,2025-01-24 14:33:43.524,0.007,0.72,0.048,2.0,Grapes,15.48,,0.7692308,69.0,g,,3QItrwNcp5,g,0.054,,com.sec.android.app.shealth,18.1,1.4492754,eeb64178-4f3e-4974-8633-74efead62e8c,100,
138.0,23.333334,3.4444444,10.0,400.0,,,fatsecret-39866,94,211.0,0.0,15.21,2025-01-27 17:03:41.335,2025-01-27 17:03:41.335,5.536,13.01,1.851,13.5,Scrambled Egg,1.43,,4.1538463,199.0,eggs,,EmOHuC/o0o,g,5.784,,com.sec.android.app.shealth,1.96,0.4723618,d27e55d2-eae3-4083-88cc-61924d2f1853,2,
148.0,0.44444445,7.0,0.0,0.0,,,fatsecret-5367,138,1.0,3.3,0.23,2025-03-07 16:38:07.917,2024-08-06 03:48:16.863,0.01,0.36,0.07,0.9444444,Apple,14.34,,0.61538464,72.0,medium (2-3/4" dia) (approx 3 per lb),,3QItrwNcp5,g,0.039,,com.sec.android.app.shealth,19.06,1.9166666,1eca1fc4-89d9-42e9-8df5-a1e27afd7c3d,1,
0.0,0.0,0.0,0.0,0.0,"962.0 kcal, 1",,quickinput-a239b6bb-18e3-433b-8e5e-1560888a83b3,1,0.0,10.0,49.0,2025-01-27 17:04:17.182,2024-11-30 10:11:26.400,0.0,74.0,0.0,0.0,Eatclub BBQ Chicken Beast Bowl,0.0,0.0,0.0,962.0,serving,,EmOHuC/o0o,120001,0.0,0.0,com.sec.android.app.shealth,56.0,1.0,2d69fec5-30a9-4c39-ada9-0f0b0217e09e,1,
,0.0,0.0,0.0,0.0,,,fatsecret-89121668,100,689.0,7.2,3.89,2025-01-28 18:12:55.486,2025-01-26 06:24:51.998,1.31,9.7,1.84,0.0,Whole Wheat Chapati(ID),0.76,,0.0,270.0,serving,,EmOHuC/o0o,g,0.74,0.0,com.sec.android.app.shealth,49.14,0.37037036,5c0ec010-33df-4501-beef-054081f24ea8,1,
254.0,0.6666667,0.0,0.0,84.0,,,fatsecret-1646,100,396.0,0.0,3.54,2025-01-29 16:15:47.764,2024-08-07 17:32:23.182,1.23,30.76,0.764,5.7222223,Roasted Broiled or Baked Chicken Breast (Skin Not Eaten),0.0,,1.1538461,164.0,g,,EmOHuC/o0o,g,1.002,,com.sec.android.app.shealth,0.0,0.6097561,a8a85c60-33ae-468f-b246-17e3aa28c1c9,100,
249.0,7.0,5.6666665,0.0,35.0,,,fatsecret-2261,100,484.0,0.9,6.67,2025-01-29 16:15:47.780,2024-08-07 17:24:28.150,2.841,11.47,1.886,5.2222223,Chicken Curry,2.07,,1.3076923,124.0,g,,EmOHuC/o0o,g,1.358,,com.sec.android.app.shealth,4.74,0.8064516,5f659cb0-9d34-4233-8aad-fe054793b06d,100,
,0.0,0.0,0.0,0.0,,,fatsecret-42080223,100,10.0,5.0,3.0,2025-01-29 16:47:43.551,2024-11-17 14:44:04.789,0.8,9.0,0.4,0.0,Chocos(Kellogg's),30.0,,0.0,373.0,serving,,EmOHuC/o0o,g,1.2,0.0,com.sec.android.app.shealth,81.0,0.2680965,b5128b93-6881-42ff-b4fc-256a4882a525,1,
,0.0,0.0,0.0,0.0,,,fatsecret-2558819,100,,2.5,1.0,2025-01-29 16:47:43.572,2024-11-28 17:53:12.292,0.1,8.0,0.4,0.0,Original Corn Flakes(Kellogg's),8.2,,0.0,373.0,serving,,EmOHuC/o0o,g,0.3,0.0,com.sec.android.app.shealth,85.6,0.2680965,c54c565f-6bfb-4cdf-8265-9ff182f212a7,1,
0.0,0.0,0.0,0.0,0.0,"649.0 kcal, 1",,quickinput-3ae36502-afaf-4754-868d-a660834a6368,1,0.0,2.0,34.0,2025-03-05 17:27:08.333,2024-12-17 06:33:40.056,0.0,64.0,0.0,0.0,Eatclub Grilled Chicken Boneless,0.0,0.0,0.0,649.0,serving,,3QItrwNcp5,120001,0.0,0.0,com.sec.android.app.shealth,20.0,1.0,22975331-7c69-4094-b3ca-aa19f83fdcf1,1,
,0.0,0.0,0.0,,"85 kcal, Per 1 piece (50g)",,fatsecret-13023255,50,70.0,,1.0,2025-03-10 19:08:46.271,2023-06-20 17:43:02.995,,3.0,,0.0,Chapati(Aashirvaad),0.5,,0.0,85.0,serving,,3QItrwNcp5,g,,,com.sec.android.app.shealth,16.0,0.5882353,5a43fec6-fe4b-4e6d-ab47-66ecfc215ce9,1,
422.0,0.44444445,11.444445,0.0,0.0,,,fatsecret-5388,118,1.0,3.1,0.39,2025-02-07 14:42:53.542,2024-08-06 03:48:16.863,0.038,1.29,0.086,1.7222222,Banana,14.43,,0.46153846,105.0,medium (7" to 7-7/8" long),,3QItrwNcp5,g,0.132,,com.sec.android.app.shealth,26.95,1.1238096,9a1d5c4a-e019-4f2f-8767-aa944edaff34,1,
,0.0,0.0,0.0,0.0,,,fatsecret-17294428,100,50.0,,0.1,2025-02-19 12:41:19.973,2024-08-05 17:59:29.602,,3.5,,0.0,Slim Skimmed Milk(Nandini),5.1,,0.0,35.0,serving,,3QItrwNcp5,ml,0.0,0.0,com.sec.android.app.shealth,5.1,,e8733fec-8c8b-4a2f-9575-a9423da8d810,1,
0.0,0.0,0.0,0.0,45.0,"117.0 kcal, 1",,quickinput-99d04f8e-664a-438b-8e0a-e37554318db7,1,50.0,0.0,1.0,2025-02-19 15:01:06.091,2024-08-05 18:04:53.824,0.0,24.0,0.0,0.0,ON Protein Powder,1.0,0.0,0.0,117.0,serving,,3QItrwNcp5,120001,0.5,0.0,com.sec.android.app.shealth,3.0,1.0,bb5d3455-94d7-42f4-b0d3-a0d139a8f7fe,1,
183.0,6.0,2.2222223,20.0,151.0,,,fatsecret-285159,100,470.0,0.0,1.72,2025-01-30 19:05:55.258,2024-11-17 14:42:32.426,0.251,20.14,0.663,13.277779,Prawns,0.0,,4.0,105.0,g,,QXcEZDPJKk,g,0.325,,com.sec.android.app.shealth,0.9,0.95238096,d8d38766-98f4-4b20-9dd0-ebaf6a93cc92,100,
53.0,0.0,0.0,0.0,0.0,,,fatsecret-3103,33,106.0,0.0,0.06,2025-02-07 14:46:54.668,2025-02-07 14:46:54.668,0.0,3.58,0.0,0.16666667,Cooked Egg White,0.23,,0.15384616,17.0,large egg white,,3QItrwNcp5,g,0.0,,com.sec.android.app.shealth,0.24,1.9411764,f84f3f28-d298-430d-b306-917edf8f2dd5,1,
427.0,1.1111112,1.7777778,0.0,84.0,,,fatsecret-37973,100,63.0,0.0,7.17,2025-03-04 11:27:31.812,2025-02-17 15:09:31.229,2.985,22.86,1.835,8.833333,"Carp Fish (Cooked, Dry Heat)",,,4.0,162.0,g,,3QItrwNcp5,g,1.388,,com.sec.android.app.shealth,0.0,0.61728394,7d434a2d-51b1-4977-bca3-951a3f82b3fd,100,
245.0,3.1111112,5.0,0.0,0.0,,,fatsecret-6466,175,58.0,2.1,2.7,2025-02-17 15:09:31.229,2025-02-17 15:09:31.229,1.243,1.38,0.801,6.0000005,"Low Sodium Beets (Fat Added in Cooking, Canned)",9.24,,1.7692307,72.0,"cup, NFS",,3QItrwNcp5,g,0.504,,com.sec.android.app.shealth,11.34,2.4305556,88d8ed10-2b28-4da2-9bc5-ad0d6f2a2a85,1,
75.0,0.0,0.0,0.0,,,,fatsecret-36466131,591,27.0,,0.0,2025-03-05 14:14:18.466,2025-02-17 15:10:31.567,,0.0,,0.0,Zero(Gatorade),0.0,,0.0,5.0,serving,,3QItrwNcp5,ml,,,com.sec.android.app.shealth,2.0,,bc009005-fb32-4dce-b580-a17c3b952067,1,
,0.0,0.0,0.0,0.0,,,fatsecret-11384736,67,222.0,5.0,10.9,2025-02-17 15:10:31.567,2025-02-17 15:10:31.567,,20.0,,0.0,Max Protein (67g)(Rite Bite),3.9,,0.0,267.0,serving,,3QItrwNcp5,g,2.4,0.0,com.sec.android.app.shealth,32.0,0.25093633,8e8738b8-f08f-438e-b617-2316e2da70eb,1,
0.0,0.0,0.0,0.0,0.0,"688.0 kcal, 1",,quickinput-80ace4cc-aa48-4aa8-9076-d4a99d5bd8b5,1,0.0,6.0,33.0,2025-03-10 19:07:22.774,2025-02-18 18:25:20.745,0.0,71.0,0.0,0.0,Keto Chicken Bowl,0.0,0.0,0.0,688.0,serving,,3QItrwNcp5,120001,0.0,0.0,com.sec.android.app.shealth,27.0,1.0,8773b5dd-3500-4216-acb8-390b39b6d0aa,1,
0.0,0.0,0.0,0.0,0.0,"130.0 kcal, 1",,quickinput-252664ee-1d59-4166-9592-8f1903d4144c,1,75.2,0.0,0.0,2025-02-19 12:41:19.979,2025-02-19 12:39:34.168,0.0,25.8,0.0,0.0,Foodstrong Whey Protein,2.1,0.0,0.0,130.0,serving,,3QItrwNcp5,120001,0.0,0.0,com.sec.android.app.shealth,3.6,1.0,adea1106-fe33-4a3d-b972-1c259d588646,1,
319.0,5.6666665,1.6666666,0.0,100.0,,,fatsecret-2651,182,288.0,0.7,31.5,2025-02-19 15:01:20.348,2025-02-19 15:01:20.348,8.638,29.48,14.942,8.166667,Chicken or Turkey Salad,0.98,,2.9230769,417.0,cup,,3QItrwNcp5,g,5.662,,com.sec.android.app.shealth,2.55,0.43645084,458f192c-fde6-4684-ad43-f08f4edc9666,1,
600.0,0.0,6.4444447,0.0,0.0,,,fatsecret-3397,240,252.0,2.6,0.48,2025-03-07 16:36:53.184,2025-03-03 15:28:31.831,0.019,1.73,0.005,3.8888888,Coconut Water,6.26,,4.4615383,46.0,cup,,3QItrwNcp5,g,0.422,,com.sec.android.app.shealth,8.9,5.2173915,f8455400-42fe-4011-b2eb-55858745034c,1,
116.0,2.6666667,20.777779,0.0,0.0,,,fatsecret-5279,70,1.0,1.3,0.22,2025-03-03 15:30:55.213,2025-03-03 15:30:55.213,0.042,0.57,0.046,0.5555556,Tangerine,7.41,,2.0,37.0,small (2-1/4" dia),,3QItrwNcp5,g,0.027,,com.sec.android.app.shealth,9.34,1.8918918,81e39507-41fa-4f2c-8652-1ea4d5d2cb54,1,
,0.0,0.0,0.0,0.0,,,fatsecret-15920822,25,50.0,,0.0,2025-03-03 15:41:07.949,2025-03-03 15:41:07.949,,21.0,,0.0,Impact Whey Isolate Chocolate Smooth(Myprotein),1.0,,0.0,90.0,serving,,3QItrwNcp5,g,0.0,0.0,com.sec.android.app.shealth,1.0,0.2777778,c614db6b-2ad7-4671-b51a-b6589f3e5114,1,
0.0,0.0,0.0,0.0,0.0,"34.0 kcal, 1",,quickinput-20e3e873-1677-4e90-a273-f2937eb18339,1,40.1,0.0,0.3,2025-03-10 19:07:22.768,2025-03-03 17:33:06.845,0.0,3.3,0.0,0.0,Akshayakalpa Slim Milk,4.5,0.0,128.2,34.0,serving,,3QItrwNcp5,120001,0.0,0.0,com.sec.android.app.shealth,4.5,1.0,8610f802-98b3-4f3f-a54c-3e4a75623fdc,1,
326.0,0.0,8.222222,0.0,0.0,,,fatsecret-5727,100,242.0,1.8,0.1,2025-03-04 11:27:31.828,2025-03-04 11:27:31.828,0.002,1.7,0.044,1.7222222,"Boiled Potato (without Peel, Fat Not Added in Cooking)",0.84,,0.61538464,85.0,g,,3QItrwNcp5,g,0.026,,com.sec.android.app.shealth,19.89,1.1764706,691b789b-886d-462e-8c49-320cf678d15c,100,
468.0,12.444445,81.77778,0.0,75.0,,,fatsecret-2960,312,1398.0,4.4,3.74,2025-03-04 11:27:31.829,2025-03-04 11:27:31.829,1.316,13.07,1.245,22.333334,Shrimp with Rice and Vegetable (Frozen Meal),7.3,,6.4615383,293.0,meal (11 oz),,3QItrwNcp5,g,0.727,,com.sec.android.app.shealth,51.01,1.0648464,d4bed8f8-34f1-4c61-8a00-3b23e29f0cf3,1,
,0.0,0.0,0.0,,,,fatsecret-49254166,25,,,1.9,2025-03-10 19:07:22.781,2025-03-04 13:45:02.053,,18.0,,0.0,Impact Whey Protein(Myprotein),0.9,,0.0,100.0,serving,,3QItrwNcp5,g,,,com.sec.android.app.shealth,1.9,0.25,a8b06612-ed6e-41f8-be3b-70f4fafc5522,1,
241.0,1.7777778,0.0,0.0,88.0,,,fatsecret-1625,100,408.0,0.0,7.35,2025-03-04 18:41:44.356,2025-03-04 18:41:44.356,2.638,28.69,1.676,6.666667,Chicken (Skin Not Eaten),0.0,,1.1538461,188.0,g,,3QItrwNcp5,g,2.023,,com.sec.android.app.shealth,0.0,0.5319149,981128d7-2df9-4054-97af-b66daa1e8937,100,
,0.0,0.0,0.0,0.0,,,fatsecret-71532124,67,122.0,7.1,19.4,2025-03-05 15:41:31.199,2025-03-05 15:41:31.199,7.0,20.3,7.0,0.0,Coffee Cocoa Protein Bar (67g)(The Whole Truth),11.9,,0.0,342.0,serving,,3QItrwNcp5,g,4.9,0.0,com.sec.android.app.shealth,21.5,0.19590643,ee897a7e-df43-45a1-9658-5df334db65ac,1,
7.0,0.0,0.0,0.0,0.0,,,fatsecret-7656,240,202.0,0.0,0.19,2025-03-05 15:41:31.200,2025-03-05 15:41:31.200,0.0,0.6,0.0,0.2777778,Energy Drink,24.14,,2.3846154,108.0,cup (8 fl oz),,3QItrwNcp5,g,0.0,,com.sec.android.app.shealth,26.26,2.2222223,74282604-9020-4575-a597-0b10da31a933,1,
,0.0,0.0,0.0,,,,fatsecret-50723109,200,,3.5,3.5,2025-03-06 10:52:01.297,2025-03-06 10:52:01.297,,9.0,,0.0,Rice Idiyappam(ID),,,0.0,396.0,serving,,3QItrwNcp5,g,,,com.sec.android.app.shealth,82.0,0.5050505,58e772c4-6cd6-4a89-9356-addf6c4d6d6d,1,
53.0,5.6666665,0.0,0.0,14.0,,,fatsecret-5214,241,868.0,0.0,2.39,2025-03-06 10:55:15.900,2025-03-06 10:55:15.900,1.048,3.18,0.663,9.222222,Chicken Noodle Soup,1.06,,1.0769231,65.0,cup,,3QItrwNcp5,g,0.658,,com.sec.android.app.shealth,7.4,3.7076924,c03fd571-4921-4d37-a81e-33f8bbccc976,1,
,0.0,0.0,0.0,,,,fatsecret-11876734,25,,,1.8,2025-03-06 14:14:42.754,2025-03-06 14:14:42.754,,25.0,,0.0,Impact Whey(Myprotein),,,0.0,101.0,serving,,3QItrwNcp5,g,,,com.sec.android.app.shealth,1.2,0.24752475,aa903cae-cbe3-443c-a964-6cc293b3ded0,1,
0.0,0.0,0.0,0.0,0.0,,,fatsecret-71474858,100,125.0,10.0,10.6,2025-03-10 19:08:30.854,2025-03-10 19:08:30.854,,30.0,,0.0,Max Protein Choco Berry Bar(Rite Bite),2.8,,0.0,336.0,serving,,3QItrwNcp5,g,2.8,0.0,com.sec.android.app.shealth,46.6,0.29761904,3aa6fb79-2b15-4c01-bd24-179932961c24,1,
