com.samsung.shealth.badge,6302031,1
number_of_streak,start_time,exercise_type,device_type,status,sleep_coaching_session_uuid,update_time,create_time,source_pkg_name,key,program_id,is_shown,time_offset,extra_data,deviceuuid,pkg_name,exercise_data_uuid,controller_id,end_time,datauuid
,2023-07-23 18:30:00.000,,100003,1,,2023-07-25 09:40:05.524,2023-07-25 09:40:05.524,com.sec.android.app.shealth,step_milestone_10k_steps,,,UTC+0530,8898.459675192833,EmOHuC/o0o,com.sec.android.app.shealth,,tracker.pedometer,2023-07-23 18:30:00.000,01994339-f23e-43fd-adab-876c225cd8a3,
,2023-07-26 08:10:03.724,,,1,,2023-07-26 02:40:03.825,2023-07-26 02:40:03.825,,sleep_goal_first_sleep,,,UTC+0000,,EmOHuC/o0o,com.sec.android.app.shealth,,Sleep.Goal,2023-07-26 08:10:03.724,5f098e26-91fd-458f-89e2-b10dd224dd44,
,2023-08-16 08:02:58.886,,,1,,2023-08-16 08:02:59.498,2023-08-16 08:02:59.498,,weight_first_body_check,,,UTC+0530,,z/yAO0rODv,com.sec.android.app.shealth,,tracker.weight,2023-08-16 08:02:58.886,b08bde19-3fe0-4c8f-bcf7-e804a1a89e41,
,2023-08-17 13:59:33.689,4004,,1,,2023-08-17 15:15:02.966,2023-08-17 15:15:02.966,,exercise_goal_first_achieve,,,UTC+0530,,z/yAO0rODv,com.sec.android.app.shealth,7864ce90-76a6-4be2-991e-b3175a9a2abd,tracker.exercise,2023-08-17 15:15:02.645,8d4ce08f-2430-4266-823d-428557a04d67,
,2023-08-18 13:57:41.166,15005,,1,,2023-08-18 14:23:37.885,2023-08-18 14:23:37.885,,exercise_goal_first_achieve,,,UTC+0530,,z/yAO0rODv,com.sec.android.app.shealth,d3ef0bb3-4d2d-49fe-97d2-c53d014b223a,tracker.exercise,2023-08-18 14:23:37.742,e12a08e2-60e5-4958-a80f-c2b4d7f5f8b1,
,2023-08-19 13:06:48.566,9014001,,1,,2023-08-19 14:17:55.667,2023-08-19 14:17:55.667,,exercise_goal_first_achieve,,,UTC+0530,,z/yAO0rODv,com.sec.android.app.shealth,a35a2f07-51d7-4fd2-ac90-9d316bec19a6,tracker.exercise,2023-08-19 14:17:38.269,36bf3dd9-5282-4860-9fae-85c9796aba6b,
,2023-08-21 17:46:00.918,1001,,1,,2023-08-21 18:00:18.816,2023-08-21 18:00:18.816,,exercise_goal_first_achieve,,,UTC+0530,,z/yAO0rODv,com.sec.android.app.shealth,c0850b3b-591a-434c-b0a5-d43666278123,tracker.exercise,2023-08-21 18:00:18.674,92cef997-d449-4d6c-8fe5-3e8172373ed8,
,2023-08-22 15:20:29.452,6003,,1,,2023-08-22 16:36:07.098,2023-08-22 16:36:07.098,,exercise_goal_first_achieve,,,UTC+0530,,z/yAO0rODv,com.sec.android.app.shealth,0edbd69b-0b40-41e6-85a9-b39f9cbc2201,tracker.exercise,2023-08-22 16:36:06.829,37f9f44b-5dd4-4fcd-bf6f-7ffdcd52d1cf,
,2023-08-23 18:13:39.190,1002,,1,,2023-08-23 18:32:34.453,2023-08-23 18:32:20.281,,running_first_run,,1,UTC+0530,,z/yAO0rODv,com.sec.android.app.shealth,c0bb29ba-051c-4cd2-8789-7502f3364c3d,tracker.exercise,2023-08-23 18:32:16.078,b4be9200-0110-4930-b5dd-1fc0385c3255,
,2023-08-03 00:00:00.000,,,1,c4deaae2-3ae6-4a80-a131-7e0e66bb67b4,2023-08-24 03:18:49.313,2023-08-24 03:18:49.313,,sleep_coaching_completion_deer,,,UTC+0530,,EmOHuC/o0o,com.sec.android.app.shealth,,Sleep.Goal,2023-08-23 00:00:00.000,492d67be-6111-42d5-8b98-81ab0e5b34f7,
,2023-09-01 14:27:38.968,0,,1,,2023-09-01 15:23:37.424,2023-09-01 15:23:37.424,,exercise_goal_first_achieve,,,UTC+0530,,z/yAO0rODv,com.sec.android.app.shealth,85fa99ae-3add-47cd-becf-92658da1182c,tracker.exercise,2023-09-01 15:23:37.077,ffd91dad-4c38-438b-80dd-3cfea7c4b57c,
,2023-09-01 15:27:05.772,15006,,1,,2023-09-01 15:43:33.753,2023-09-01 15:40:09.884,,exercise_goal_first_achieve,,1,UTC+0530,,EmOHuC/o0o,com.sec.android.app.shealth,06d3cbe2-112d-4ddc-bf3e-a474c1198022,tracker.exercise,2023-09-01 15:40:09.831,83546dc6-ade1-4495-9237-0955c455af1e,
,2023-09-03 13:26:03.824,14001,,1,,2023-09-03 14:18:55.190,2023-09-03 14:18:55.190,,exercise_goal_first_achieve,,,UTC+0530,,z/yAO0rODv,com.sec.android.app.shealth,1a8030c0-4810-4c4c-8f29-680c07da7f79,tracker.exercise,2023-09-03 14:18:51.489,3568d26e-276c-4c5b-bff5-7a629cf91271,
,2023-08-25 00:00:00.000,,,1,f4b23164-43e4-49b9-b98b-dbbcc363c793,2023-09-15 04:07:04.721,2023-09-15 04:07:04.721,,sleep_coaching_completion_deer,,,UTC+0530,,EmOHuC/o0o,com.sec.android.app.shealth,,Sleep.Goal,2023-09-14 00:00:00.000,52fca8dd-5535-4595-a12e-bf76f1576c7a,
,2023-10-07 14:36:21.811,6002,,1,,2023-10-07 17:31:29.254,2023-10-07 15:37:26.231,,exercise_goal_first_achieve,,1,UTC+0530,,z/yAO0rODv,com.sec.android.app.shealth,b5ad9bcf-f536-4b00-82d4-baff74243d71,tracker.exercise,2023-10-07 15:37:25.939,effaf02f-cd63-418a-93f0-1432cede0b9b,
,2023-10-26 13:19:40.457,8002,,1,,2023-10-26 14:30:07.744,2023-10-26 14:30:07.744,,exercise_goal_first_achieve,,,UTC+0530,,z/yAO0rODv,com.sec.android.app.shealth,f70c4581-2ea1-4b1e-ae5c-363e72a1616d,tracker.exercise,2023-10-26 14:30:07.502,64fac0cb-e801-4d7f-9b35-6252650cfc47,
,2023-11-26 20:00:49.514,10002,,1,,2023-11-26 20:08:38.734,2023-11-26 20:08:38.734,,exercise_goal_first_achieve,,,UTC+0530,,Zi2tKAbhgt,com.sec.android.app.shealth,218c48a0-6705-4253-85e1-498301683a1b,tracker.exercise,2023-11-26 20:08:38.481,1c08e501-6764-4bee-a012-aed2da7d2888,
,2023-12-09 03:01:50.388,2003,,1,,2023-12-09 04:48:24.651,2023-12-09 04:48:24.651,,exercise_goal_first_achieve,,,UTC+0530,,Zi2tKAbhgt,com.sec.android.app.shealth,44470830-81df-4a35-bc9b-1b553f5db098,tracker.exercise,2023-12-09 04:48:24.380,75d5601f-0cc4-490b-b6ea-4e5c51e82b43,
,2024-01-14 16:42:20.755,11007,,1,,2024-01-14 17:03:27.190,2024-01-14 16:59:37.406,,cycling_goal_first_cycling,,1,UTC+0530,,Zi2tKAbhgt,com.sec.android.app.shealth,5ddec534-e878-495c-994f-b85c29b42b4f,tracker.exercise,2024-01-14 16:59:37.154,246a200a-45fe-4940-a49e-7b2a42e23a3e,
,2024-02-23 04:54:22.512,15003,,1,,2024-02-23 05:19:22.033,2024-02-23 05:19:22.033,,exercise_goal_first_achieve,,,UTC+0530,,/l7YF9Xtrq,com.sec.android.app.shealth,cf1f6fcd-26d7-4004-a462-6fee4e2728b0,tracker.exercise,2024-02-23 05:19:21.604,3434f708-0e9c-4f68-8ac6-58ba90737e1d,
,2024-07-12 14:56:12.707,11007,,1,,2024-07-12 18:00:57.926,2024-07-12 16:23:10.333,,cycling_goal_20K,,1,UTC+0530,,/l7YF9Xtrq,com.sec.android.app.shealth,842fbff0-5ea1-45bb-991e-3956c6f19ca1,tracker.exercise,2024-07-12 16:23:09.191,19bde179-022c-419a-8208-856e5ea484be,
1,2024-07-19 18:30:00.000,,,1,,2024-07-20 04:16:23.077,2024-07-20 04:16:23.077,,sleep_good_sleep,,,UTC+0530,,EmOHuC/o0o,com.sec.android.app.shealth,,Sleep.Goal,2024-07-20 18:29:59.999,187120f1-1e72-417f-919d-7c323dc19ed7,
1,2024-08-04 18:30:00.000,,,1,,2024-08-05 03:07:56.794,2024-08-05 03:07:56.794,,sleep_excellent_sleep,,,UTC+0530,,EmOHuC/o0o,com.sec.android.app.shealth,,Sleep.Goal,2024-08-05 18:29:59.999,72cca591-d581-4871-89e1-368ea9a273b1,
,2024-08-10 13:00:02.844,10007,,1,,2024-08-10 13:34:52.976,2024-08-10 13:34:52.976,,exercise_goal_first_achieve,,,UTC+0530,,/l7YF9Xtrq,com.sec.android.app.shealth,1dabbec0-4e18-4001-8da5-afcf6c3e9aad,tracker.exercise,2024-08-10 13:34:51.867,c34334a0-c9c3-4148-a272-3d78dc06d360,
1,2024-08-26 18:30:00.000,,,1,,2024-08-27 07:22:46.743,2024-08-27 07:22:46.743,,sleep_excellent_sleep,,,UTC+0530,,EmOHuC/o0o,com.sec.android.app.shealth,,Sleep.Goal,2024-08-27 18:29:59.999,ff427ec8-1281-42d1-97bc-8c4a01917dc4,
,2024-09-17 08:58:48.919,11002,,1,,2024-09-17 09:15:33.534,2024-09-17 09:13:34.168,,exercise_goal_first_achieve,,1,UTC+0530,,/l7YF9Xtrq,com.sec.android.app.shealth,1a8f374d-5ae0-4ac7-8cc1-f4e89bcf822b,tracker.exercise,2024-09-17 09:13:33.187,52f0e49f-7c77-44d2-87da-76f5c7c3154a,
1,2024-09-18 18:30:00.000,,,1,,2024-09-19 03:35:09.878,2024-09-19 03:35:09.878,,sleep_excellent_sleep,,,UTC+0530,,EmOHuC/o0o,com.sec.android.app.shealth,,Sleep.Goal,2024-09-19 18:29:59.999,a8f68d4a-d408-4694-aeb9-f11b2f20d570,
1,2024-09-27 18:30:00.000,,,1,,2024-09-28 08:20:33.548,2024-09-28 08:20:33.548,,sleep_excellent_sleep,,,UTC+0530,,EmOHuC/o0o,com.sec.android.app.shealth,,Sleep.Goal,2024-09-28 18:29:59.999,cf8f2cd5-acc5-41be-aa1c-90e60a968e88,
,2024-10-16 14:37:19.077,10019,,1,,2024-10-16 15:27:11.052,2024-10-16 14:54:22.131,,exercise_goal_first_achieve,,1,UTC+0530,,/l7YF9Xtrq,com.sec.android.app.shealth,82459427-55a1-4291-adae-11fd7d9e78b2,tracker.exercise,2024-10-16 14:54:21.469,4a7e2e45-abe3-4068-90d3-6b5dcc21f014,
1,2024-10-18 18:30:00.000,,,1,,2024-10-19 06:13:47.566,2024-10-19 06:13:47.566,,sleep_excellent_sleep,,,UTC+0530,,EmOHuC/o0o,com.sec.android.app.shealth,,Sleep.Goal,2024-10-19 18:29:59.999,57f9bf59-1089-4dcb-8313-35e053c77e4d,
,2024-10-21 18:00:57.081,10004,,1,,2024-10-21 18:04:15.258,2024-10-21 18:04:15.258,,exercise_goal_first_achieve,,,UTC+0530,,/l7YF9Xtrq,com.sec.android.app.shealth,486aeba6-295a-4985-a73e-f12d69ac9441,tracker.exercise,2024-10-21 18:04:14.249,1a6a82d9-88de-496b-b0d8-0ebd897027d9,
1,2024-11-07 18:30:00.000,,,1,,2024-11-08 05:05:32.718,2024-11-08 05:05:32.718,,sleep_excellent_sleep,,,UTC+0530,,EmOHuC/o0o,com.sec.android.app.shealth,,Sleep.Goal,2024-11-08 18:29:59.999,db81633b-e144-4890-8969-db9f1bdcafa9,
1,2024-11-13 18:30:00.000,,,1,,2024-11-14 02:04:29.258,2024-11-14 02:04:29.258,,sleep_excellent_sleep,,,UTC+0530,,EmOHuC/o0o,com.sec.android.app.shealth,,Sleep.Goal,2024-11-14 18:29:59.999,efc45ac4-1097-4e70-a546-df9c98c362f9,
1,2024-11-16 18:30:00.000,,,1,,2024-11-17 04:53:12.474,2024-11-17 04:53:12.474,,sleep_excellent_sleep,,,UTC+0530,,EmOHuC/o0o,com.sec.android.app.shealth,,Sleep.Goal,2024-11-17 18:29:59.999,37d16b99-2b3e-4136-ae12-c9046cbf4317,
1,2024-11-17 18:30:00.000,,,1,,2024-11-18 02:00:25.391,2024-11-18 02:00:25.391,,sleep_excellent_sleep,,,UTC+0530,,EmOHuC/o0o,com.sec.android.app.shealth,,Sleep.Goal,2024-11-18 18:29:59.999,f545a1f8-63f7-4d9f-9e6a-3c4e5a5c3292,
7,2024-11-12 00:00:00.000,,,1,,2024-11-18 18:30:07.542,2024-11-12 18:30:00.480,,nutrition_7_days_streak,,,UTC+0530,,EmOHuC/o0o,com.sec.android.app.shealth,,goal.nutrition,2024-11-18 23:59:59.999,89b5b0fd-74a1-4c21-9385-51617b1c860c,
1,2024-11-22 18:30:00.000,,,1,,2024-11-23 03:58:55.967,2024-11-23 03:58:55.967,,sleep_excellent_sleep,,,UTC+0530,,EmOHuC/o0o,com.sec.android.app.shealth,,Sleep.Goal,2024-11-23 18:29:59.999,01658f65-dd95-4219-89f8-36516ed91825,
1,2024-11-27 18:30:00.000,,,1,,2024-11-28 02:12:35.446,2024-11-28 02:12:35.446,,sleep_excellent_sleep,,,UTC+0530,,EmOHuC/o0o,com.sec.android.app.shealth,,Sleep.Goal,2024-11-28 18:29:59.999,e7c5edd0-7b86-4022-b329-e6c0cabf646a,
1,2024-11-28 18:30:00.000,,,1,,2024-11-29 03:42:40.656,2024-11-29 03:42:40.656,,sleep_excellent_sleep,,,UTC+0530,,EmOHuC/o0o,com.sec.android.app.shealth,,Sleep.Goal,2024-11-29 18:29:59.999,843e19d9-a1cc-44fa-9412-f3b2ad9fc237,
,2024-11-29 07:10:49.535,10025,,1,,2024-11-29 07:24:11.727,2024-11-29 07:24:11.727,,exercise_goal_first_achieve,,,UTC+0530,,tFCCLQvz7k,com.sec.android.app.shealth,c56f7748-559a-40cb-bfaa-20ac0c4562c5,tracker.exercise,2024-11-29 07:24:11.217,d5638962-f603-4704-ac0e-ef8816ab420d,
,2024-08-02 00:00:00.000,,,1,7fafc3e4-5a9a-4eea-a071-b320e86c438f,2024-12-09 11:25:29.360,2024-12-09 11:25:29.360,,sleep_coaching_completion_deer,,,UTC+0530,,EmOHuC/o0o,com.sec.android.app.shealth,,Sleep.Goal,2024-08-22 00:00:00.000,1b41850a-a11c-49ed-9e17-3ae2e6534f9b,
1,2024-12-09 18:30:00.000,,,1,,2024-12-10 03:44:23.274,2024-12-10 03:44:23.274,,sleep_excellent_sleep,,,UTC+0530,,EmOHuC/o0o,com.sec.android.app.shealth,,Sleep.Goal,2024-12-10 18:29:59.999,8dc3c109-5018-4443-a9cf-a8491598e54f,
1,2024-12-11 18:30:00.000,,,1,,2024-12-12 04:02:15.878,2024-12-12 04:02:15.878,,sleep_excellent_sleep,,,UTC+0530,,EmOHuC/o0o,com.sec.android.app.shealth,,Sleep.Goal,2024-12-12 18:29:59.999,25af71b9-ee71-455b-9c62-a9c6ce27b254,
1,2024-12-19 18:30:00.000,,,1,,2024-12-20 03:29:16.975,2024-12-20 03:29:16.975,,sleep_excellent_sleep,,,UTC+0530,,EmOHuC/o0o,com.sec.android.app.shealth,,Sleep.Goal,2024-12-20 18:29:59.999,aadda87f-9179-40e8-9fdc-5db7a60789c3,
1,2025-03-29 09:04:00.272,,,2,,2025-03-29 09:04:00.955,2024-11-18 02:40:30.391,,weight_1_month_streak,,,UTC+0530,,tFCCLQvz7k,com.sec.android.app.shealth,,tracker.weight,2025-03-29 09:04:00.272,a5dc6528-e742-42fe-bf11-605ae07f3fd2,
1,2024-12-31 18:30:00.000,,,1,,2025-01-01 02:52:05.471,2025-01-01 02:52:05.471,,sleep_excellent_sleep,,,UTC+0530,,EmOHuC/o0o,com.sec.android.app.shealth,,Sleep.Goal,2025-01-01 18:29:59.999,72e31ece-1929-4fa8-982f-e878b083678f,
1,2025-01-07 18:30:00.000,,,1,,2025-01-08 03:12:47.044,2025-01-08 03:12:47.044,,sleep_excellent_sleep,,,UTC+0530,,EmOHuC/o0o,com.sec.android.app.shealth,,Sleep.Goal,2025-01-08 18:29:59.999,fcf634cc-6786-4cb7-9d65-2ece54c0b769,
1,2025-01-11 18:30:00.000,,,1,,2025-01-12 01:07:17.166,2025-01-12 01:07:17.166,,sleep_excellent_sleep,,,UTC+0530,,EmOHuC/o0o,com.sec.android.app.shealth,,Sleep.Goal,2025-01-12 18:29:59.999,daa62581-0640-440d-8469-c436f1e338ca,
1,2025-01-12 18:30:00.000,,,1,,2025-01-13 01:49:40.189,2025-01-13 01:49:40.189,,sleep_excellent_sleep,,,UTC+0530,,EmOHuC/o0o,com.sec.android.app.shealth,,Sleep.Goal,2025-01-13 18:29:59.999,7e1ba400-3f8c-4ff7-97fc-aa2e1d44ae77,
,2025-01-13 03:35:02.170,13003,,1,,2025-01-13 06:05:08.546,2025-01-13 06:05:08.546,,exercise_goal_first_achieve,,,UTC+0530,,tFCCLQvz7k,com.sec.android.app.shealth,9b03bdfb-8c60-4b2b-8b31-3560df03aec4,tracker.exercise,2025-01-13 06:05:07.645,cb2d3671-5b09-48d9-adb9-387a9414cfec,
1,2025-01-13 18:30:00.000,,,1,,2025-01-14 01:18:57.636,2025-01-14 01:18:57.636,,sleep_excellent_sleep,,,UTC+0530,,EmOHuC/o0o,com.sec.android.app.shealth,,Sleep.Goal,2025-01-14 18:29:59.999,d125bfe6-f19a-4ec7-89f6-c2c5ed0d4f9a,
0,1970-01-01 00:00:00.000,,,0,,2025-07-04 19:14:28.527,2024-10-29 01:42:27.045,,sleep_3_days_streak,,,UTC-0600,"1751695199999,1",3QItrwNcp5,com.sec.android.app.shealth,,Sleep.Goal,2025-07-05 05:59:59.999,dfbcb6fb-8f3f-4811-9508-b88fd038c3b3,
,2023-09-21 18:30:00.000,,100003,1,,2025-01-14 20:23:20.919,2023-09-22 08:10:52.061,com.sec.android.app.shealth,step_milestone_20k_steps,,,UTC+0530,15301.771899938583,EmOHuC/o0o,com.sec.android.app.shealth,,tracker.pedometer,2023-09-22 18:29:59.999,35c0eca9-8f74-4b1f-947f-623b03f3ff97,
,2023-09-21 18:30:00.000,,100003,1,,2025-01-14 20:23:20.946,2023-09-22 16:51:58.351,com.sec.android.app.shealth,step_milestone_30k_steps,,,UTC+0530,23024.299738883972,EmOHuC/o0o,com.sec.android.app.shealth,,tracker.pedometer,2023-09-22 18:29:59.999,917c763f-1d07-4b89-8b9c-5e64bb8e2fc3,
1,2025-01-14 18:30:00.000,,,1,,2025-01-15 04:12:59.666,2025-01-15 04:12:59.666,,sleep_excellent_sleep,,,UTC+0530,,EmOHuC/o0o,com.sec.android.app.shealth,,Sleep.Goal,2025-01-15 18:29:59.999,5a5f5a25-fce3-4d9e-bfe3-875ce995669b,
,2025-01-15 00:00:00.000,,,1,,2025-01-15 04:13:14.910,2025-01-15 04:13:14.910,,vitality_first_measure,,,UTC+0000,,EmOHuC/o0o,com.sec.android.app.shealth,,tracker.vitality,2025-01-15 00:00:00.000,e101d61d-46f3-41d3-a9ca-932a32bdcb9a,
,2025-01-15 00:00:00.000,,,1,,2025-01-15 04:13:14.942,2025-01-15 04:13:14.942,,vitality_excellent,,,UTC+0000,,EmOHuC/o0o,com.sec.android.app.shealth,,tracker.vitality,2025-01-15 00:00:00.000,2a0a3bfb-6289-4cc3-88f1-b9ca06e5bae1,
,2025-01-16 00:00:00.000,,,1,,2025-01-16 00:54:16.880,2025-01-16 00:54:16.880,,vitality_good,,,UTC+0000,,EmOHuC/o0o,com.sec.android.app.shealth,,tracker.vitality,2025-01-16 00:00:00.000,586dcd87-4acf-4592-83c3-5d2a446ab6bf,
1,2025-01-15 18:30:00.000,,,1,,2025-01-16 02:39:52.932,2025-01-16 02:39:52.932,,sleep_excellent_sleep,,,UTC+0530,,EmOHuC/o0o,com.sec.android.app.shealth,,Sleep.Goal,2025-01-16 18:29:59.999,b7f7768c-eab1-4145-993e-113656fe4c3c,
1,2025-01-18 18:30:00.000,,,1,,2025-01-19 04:01:08.280,2025-01-19 04:01:08.280,,sleep_excellent_sleep,,,UTC+0530,,EmOHuC/o0o,com.sec.android.app.shealth,,Sleep.Goal,2025-01-19 18:29:59.999,4a3717c6-493a-40f0-8765-81147b3b6bbd,
,2025-01-21 17:06:17.249,1002,,1,,2025-07-08 23:46:29.607,2025-01-21 17:55:13.974,,running_5K,,1,UTC+0530,,tFCCLQvz7k,com.sec.android.app.shealth,31987f32-578a-42fa-b78a-0b44ecfd1917,tracker.exercise,2025-01-21 17:55:13.039,9833cc9b-49f4-4950-af1d-9ac86aed8e23,
1,2025-01-21 18:30:00.000,,,1,,2025-01-22 03:39:27.042,2025-01-22 03:39:27.042,,sleep_excellent_sleep,,,UTC+0530,,EmOHuC/o0o,com.sec.android.app.shealth,,Sleep.Goal,2025-01-22 18:29:59.999,1526e7de-dec7-4aab-a844-84199df0cb89,
1,2025-01-25 18:30:00.000,,,1,,2025-01-26 03:12:46.020,2025-01-26 03:12:46.020,,sleep_excellent_sleep,,,UTC+0530,,EmOHuC/o0o,com.sec.android.app.shealth,,Sleep.Goal,2025-01-26 18:29:59.999,a60a2e5a-de36-4f53-88a9-2412c1577932,
1,2025-01-26 18:30:00.000,,,1,,2025-01-27 04:04:13.685,2025-01-27 04:04:13.685,,sleep_excellent_sleep,,,UTC+0530,,EmOHuC/o0o,com.sec.android.app.shealth,,Sleep.Goal,2025-01-27 18:29:59.999,c5b932a6-4871-4c49-89ce-34b9ddd99c9d,
1,2025-01-30 18:30:00.000,,,1,,2025-02-01 02:33:13.134,2025-02-01 02:33:13.134,,sleep_excellent_sleep,,,UTC+0530,,EmOHuC/o0o,com.sec.android.app.shealth,,Sleep.Goal,2025-01-31 18:29:59.999,75c5eab8-8cba-485a-bd28-f67e40c4c5f8,
1,2025-02-01 18:30:00.000,,,1,,2025-02-02 04:04:19.723,2025-02-02 04:04:19.723,,sleep_excellent_sleep,,,UTC+0530,,EmOHuC/o0o,com.sec.android.app.shealth,,Sleep.Goal,2025-02-02 18:29:59.999,6a548ee2-5e84-4b29-8fb3-e850fa026fec,
101664,2025-07-16 23:01:23.467,1002,,1,,2025-07-19 03:19:57.152,2024-10-24 18:44:16.530,,running_100K_accumulated,,1,UTC+0530,,EmOHuC/o0o,com.sec.android.app.shealth,4d6a34f6-c40b-4c4e-9183-bb462adb732f,tracker.exercise,2025-07-16 23:23:21.382,5fb25c24-9642-45b7-bfb7-5fa85c8e6ead,
203802,2024-03-01 16:30:05.605,11007,,1,,2025-07-19 03:19:57.181,2024-10-24 18:44:16.991,,cycling_goal_200K_accumulated,,,UTC+0530,,EmOHuC/o0o,com.sec.android.app.shealth,2d61ecb1-ede7-44ba-8a0a-7eb85b12b85f,tracker.exercise,2024-03-01 16:53:22.569,16e31613-0275-4027-8be3-1199d76896a3,
803751,2024-09-09 04:12:33.192,11007,,1,,2025-07-19 03:19:57.255,2024-10-24 18:44:17.377,,cycling_goal_800K_accumulated,,,UTC+0530,,EmOHuC/o0o,com.sec.android.app.shealth,c71a5286-3743-42c4-a2d5-5d6d0507981b,tracker.exercise,2024-09-09 04:29:34.301,fbf5ce1c-d4e5-4903-9b9d-a97800c8b453,
1398291,2025-07-19 03:19:51.283,11007,,2,,2025-07-19 03:19:57.303,2024-10-24 18:44:17.488,,cycling_goal_1500K_accumulated,,,UTC+0530,,EmOHuC/o0o,com.sec.android.app.shealth,c8a8d97f-d6f2-4913-99bb-dd4ba2612544,tracker.exercise,2025-07-19 03:19:57.283,45ba0635-54d6-4197-86d6-961bc00c7ae0,
1,2025-02-03 18:30:00.000,,,1,,2025-02-04 03:46:46.187,2025-02-04 03:46:46.187,,sleep_excellent_sleep,,,UTC+0530,,EmOHuC/o0o,com.sec.android.app.shealth,,Sleep.Goal,2025-02-04 18:29:59.999,01ce10ea-f463-4296-84a1-eb5c18c71189,
,2025-02-04 00:00:00.000,,,1,,2025-02-04 03:46:54.411,2025-02-04 03:46:54.411,,vitality_excellent,,,UTC+0000,,EmOHuC/o0o,com.sec.android.app.shealth,,tracker.vitality,2025-02-04 00:00:00.000,add8d031-7479-4bc5-a42e-6c28149be6a2,
0,2024-11-13 00:00:00.000,,,0,,2025-07-18 06:01:01.004,2024-11-13 18:30:00.702,,water_7_days_streak,,,UTC+0530,,EmOHuC/o0o,com.sec.android.app.shealth,,tracker.water,2024-11-13 23:59:59.999,82f4af93-c460-4a73-8cd2-b108f682a605,
,2025-02-05 00:00:00.000,,,1,,2025-02-05 02:20:47.164,2025-02-05 02:20:47.164,,vitality_excellent,,,UTC+0000,,3QItrwNcp5,com.sec.android.app.shealth,,tracker.vitality,2025-02-05 00:00:00.000,61f420c5-5310-4252-8db1-1c622d567447,
,2025-02-18 00:00:00.000,,,1,,2025-02-18 04:08:51.582,2025-02-18 04:08:51.582,,vitality_excellent,,,UTC+0000,,3QItrwNcp5,com.sec.android.app.shealth,,tracker.vitality,2025-02-18 00:00:00.000,6c9ca235-79a9-452e-9462-13ed709bc138,
1,2025-03-16 18:30:00.000,,,1,,2025-03-17 04:18:19.491,2025-03-17 04:18:19.491,,sleep_excellent_sleep,,,UTC+0530,,3QItrwNcp5,com.sec.android.app.shealth,,Sleep.Goal,2025-03-17 18:29:59.999,f16528a6-1287-4495-ad24-8fa36fca083e,
1,2025-03-17 18:30:00.000,,,1,,2025-03-18 03:09:36.520,2025-03-18 03:09:36.520,,sleep_excellent_sleep,,,UTC+0530,,3QItrwNcp5,com.sec.android.app.shealth,,Sleep.Goal,2025-03-18 18:29:59.999,465b5b7b-cade-40b3-a79b-86f62efc68e6,
,2025-03-18 00:00:00.000,,,1,,2025-03-18 03:09:37.901,2025-03-18 03:09:37.901,,vitality_excellent,,,UTC+0000,,3QItrwNcp5,com.sec.android.app.shealth,,tracker.vitality,2025-03-18 00:00:00.000,ac02636d-9790-4469-8fc8-20472b94c1d5,
1,2025-03-19 18:30:00.000,,,1,,2025-03-20 03:28:50.001,2025-03-20 03:28:50.001,,sleep_excellent_sleep,,,UTC+0530,,3QItrwNcp5,com.sec.android.app.shealth,,Sleep.Goal,2025-03-20 18:29:59.999,5f26f761-edac-421a-9f0c-29c6abad4f65,
1,2025-03-21 18:30:00.000,,,1,,2025-03-22 04:25:53.712,2025-03-22 04:25:53.712,,sleep_excellent_sleep,,,UTC+0530,,3QItrwNcp5,com.sec.android.app.shealth,,Sleep.Goal,2025-03-22 18:29:59.999,e221b408-968f-4119-96a4-c2030b2c4294,
,2025-03-22 00:00:00.000,,,1,,2025-03-22 04:25:55.941,2025-03-22 04:25:55.941,,vitality_excellent,,,UTC+0000,,3QItrwNcp5,com.sec.android.app.shealth,,tracker.vitality,2025-03-22 00:00:00.000,602b0a27-c011-4bbb-8d1a-769a37151a7a,
1,2025-04-01 18:30:00.000,,,1,,2025-04-02 03:03:20.602,2025-04-02 03:03:20.602,,sleep_excellent_sleep,,,UTC+0530,,3QItrwNcp5,com.sec.android.app.shealth,,Sleep.Goal,2025-04-02 18:29:59.999,38e73e07-bf10-4f0d-97cc-e2a215ad847c,
1,2025-04-07 18:30:00.000,,,1,,2025-04-08 03:44:54.905,2025-04-08 03:44:54.905,,sleep_excellent_sleep,,,UTC+0530,,3QItrwNcp5,com.sec.android.app.shealth,,Sleep.Goal,2025-04-08 18:29:59.999,a15ef1a2-ddd5-45d7-9c5c-a633ff598f4f,
1,2025-04-09 18:30:00.000,,,1,,2025-04-10 02:54:16.552,2025-04-10 02:54:16.552,,sleep_excellent_sleep,,,UTC+0530,,3QItrwNcp5,com.sec.android.app.shealth,,Sleep.Goal,2025-04-10 18:29:59.999,db7c5828-e319-44d1-96e8-fc95b94391b8,
1,2025-04-10 18:30:00.000,,,1,,2025-04-11 02:51:51.372,2025-04-11 02:51:51.372,,sleep_excellent_sleep,,,UTC+0530,,3QItrwNcp5,com.sec.android.app.shealth,,Sleep.Goal,2025-04-11 18:29:59.999,4c546c8b-6340-4afc-835d-d9d7137eb189,
1,2025-04-19 18:30:00.000,,,1,,2025-04-20 04:41:06.665,2025-04-20 04:41:06.665,,sleep_excellent_sleep,,,UTC+0530,,3QItrwNcp5,com.sec.android.app.shealth,,Sleep.Goal,2025-04-20 18:29:59.999,3f6fba34-5e9d-4f30-905b-9e812e747e73,
1,2025-04-29 18:30:00.000,,,1,,2025-04-30 07:01:29.949,2025-04-30 07:01:29.949,,sleep_excellent_sleep,,,UTC+0530,,3QItrwNcp5,com.sec.android.app.shealth,,Sleep.Goal,2025-04-30 18:29:59.999,cc0269bf-f1df-4535-bd63-74143d187ee1,
,2025-05-03 00:00:00.000,,,1,,2025-05-03 02:08:55.895,2025-05-03 02:08:55.895,,vitality_excellent,,,UTC+0000,,3QItrwNcp5,com.sec.android.app.shealth,,tracker.vitality,2025-05-03 00:00:00.000,9a2bc40b-b4e5-4933-befc-cb5747fd24e2,
1,2025-05-04 18:30:00.000,,,1,,2025-05-05 04:25:08.342,2025-05-05 04:25:08.342,,sleep_excellent_sleep,,,UTC+0530,,3QItrwNcp5,com.sec.android.app.shealth,,Sleep.Goal,2025-05-05 18:29:59.999,53fabfc6-da98-451c-a2df-8f7936506fc7,
,2025-05-05 00:00:00.000,,,1,,2025-05-05 04:25:09.811,2025-05-05 04:25:09.811,,vitality_excellent,,,UTC+0000,,3QItrwNcp5,com.sec.android.app.shealth,,tracker.vitality,2025-05-05 00:00:00.000,eeaa4cb6-869f-434b-82fd-09efb6a49ee9,
1,2025-05-17 18:30:00.000,,,1,,2025-05-18 03:24:17.642,2025-05-18 03:24:17.642,,sleep_excellent_sleep,,,UTC+0530,,3QItrwNcp5,com.sec.android.app.shealth,,Sleep.Goal,2025-05-18 18:29:59.999,c148b14b-ce02-4d58-89aa-ba94bcf39e09,
1,2025-05-20 18:30:00.000,,,1,,2025-05-21 06:20:42.279,2025-05-21 06:20:42.279,,sleep_excellent_sleep,,,UTC+0530,,3QItrwNcp5,com.sec.android.app.shealth,,Sleep.Goal,2025-05-21 18:29:59.999,d7c2b2dd-8e33-400c-9237-5e5f36e447cb,
7,2025-05-31 06:00:00.000,,,1,,2025-06-07 04:55:02.121,2025-05-28 23:51:11.525,,step_streak_1_week_streak,,,UTC-0600,,3QItrwNcp5,com.sec.android.app.shealth,,tracker.pedometer,2025-06-07 05:59:59.999,3b56e5db-f0eb-448e-b8b2-0693c653a3ae,
1,2025-05-29 06:00:00.000,,,1,,2025-05-29 10:59:04.446,2025-05-29 10:59:04.446,,sleep_excellent_sleep,,,UTC-0600,,3QItrwNcp5,com.sec.android.app.shealth,,Sleep.Goal,2025-05-30 05:59:59.999,612d8fd7-7cba-48c9-b69a-4ccabbbcf5e9,
,2025-05-30 00:00:00.000,,,1,,2025-05-30 12:33:18.482,2025-05-30 12:33:18.482,,vitality_excellent,,,UTC+0000,,3QItrwNcp5,com.sec.android.app.shealth,,tracker.vitality,2025-05-30 00:00:00.000,4d63b5d2-b311-4035-9a73-89b3f0978bcc,
1,2025-06-01 06:00:00.000,,,1,,2025-06-01 13:39:33.075,2025-06-01 13:39:33.075,,sleep_excellent_sleep,,,UTC-0600,,3QItrwNcp5,com.sec.android.app.shealth,,Sleep.Goal,2025-06-02 05:59:59.999,737e4559-48fb-42ee-9eff-b97403b2a36a,
,2025-06-01 00:00:00.000,,,1,,2025-06-01 13:39:34.342,2025-06-01 13:39:34.342,,vitality_excellent,,,UTC+0000,,3QItrwNcp5,com.sec.android.app.shealth,,tracker.vitality,2025-06-01 00:00:00.000,5a4ffa5a-4bab-4772-ba17-4d05cc84cbe5,
1,2025-06-02 06:00:00.000,,,1,,2025-06-02 12:41:24.335,2025-06-02 12:41:24.335,,sleep_excellent_sleep,,,UTC-0600,,3QItrwNcp5,com.sec.android.app.shealth,,Sleep.Goal,2025-06-03 05:59:59.999,41619ddb-b8db-46ec-9c8a-fa5768162f81,
,2025-06-02 00:00:00.000,,,1,,2025-06-02 12:41:25.629,2025-06-02 12:41:25.629,,vitality_excellent,,,UTC+0000,,3QItrwNcp5,com.sec.android.app.shealth,,tracker.vitality,2025-06-02 00:00:00.000,c3913b00-7c55-4ead-ad50-865421d12d2e,
1,2025-06-03 06:00:00.000,,,1,,2025-06-03 12:30:53.748,2025-06-03 12:30:53.748,,sleep_excellent_sleep,,,UTC-0600,,3QItrwNcp5,com.sec.android.app.shealth,,Sleep.Goal,2025-06-04 05:59:59.999,12ab0868-fd3a-4b9c-9dad-974ad6a7e6bc,
,2025-06-03 00:00:00.000,,,1,,2025-06-03 12:30:56.168,2025-06-03 12:30:56.168,,vitality_excellent,,,UTC+0000,,3QItrwNcp5,com.sec.android.app.shealth,,tracker.vitality,2025-06-03 00:00:00.000,8c3bdd60-e9fb-4ebe-9ec2-30c349c21def,
4,2025-06-04 20:50:08.913,,,1,,2025-06-26 13:14:53.374,2025-06-05 03:41:19.531,,exercise_one_month_streak,,1,UTC+0000,,3QItrwNcp5,com.sec.android.app.shealth,2e6a1149-e3ba-4890-935c-3db806c5c09b,tracker.exercise,2025-06-22 17:51:51.657,5b33aeb9-6b1e-4414-a030-08cfd4bd9da7,
1,2025-06-07 06:00:00.000,,,1,,2025-06-07 13:27:09.279,2025-06-07 13:27:09.279,,sleep_excellent_sleep,,,UTC-0600,,3QItrwNcp5,com.sec.android.app.shealth,,Sleep.Goal,2025-06-08 05:59:59.999,4a0f9128-3a6e-4d5b-a207-44d303bbe574,
1,2025-06-08 06:00:00.000,,,1,,2025-06-08 13:24:23.407,2025-06-08 13:24:23.407,,sleep_excellent_sleep,,,UTC-0600,,3QItrwNcp5,com.sec.android.app.shealth,,Sleep.Goal,2025-06-09 05:59:59.999,4e6e3c2e-c2a1-4b6f-a579-8e69d3dd9d4a,
,2025-06-12 00:00:00.000,,,1,,2025-06-12 12:54:45.000,2025-06-12 12:54:45.000,,vitality_excellent,,,UTC+0000,,3QItrwNcp5,com.sec.android.app.shealth,,tracker.vitality,2025-06-12 00:00:00.000,008938a0-8bef-4f83-9ecb-a5c85102d480,
1,2025-06-13 06:00:00.000,,,1,,2025-06-13 14:28:15.307,2025-06-13 14:28:15.307,,sleep_excellent_sleep,,,UTC-0600,,3QItrwNcp5,com.sec.android.app.shealth,,Sleep.Goal,2025-06-14 05:59:59.999,44b9b5b1-37a2-488b-8c2b-467e01e60bec,
,2025-06-13 00:00:00.000,,,1,,2025-06-13 14:28:16.873,2025-06-13 14:28:16.873,,vitality_excellent,,,UTC+0000,,3QItrwNcp5,com.sec.android.app.shealth,,tracker.vitality,2025-06-13 00:00:00.000,dde34411-7dea-4f9e-a222-15cb765d967e,
1,2025-06-15 06:00:00.000,,,1,,2025-06-15 14:44:56.409,2025-06-15 14:44:56.409,,sleep_excellent_sleep,,,UTC-0600,,3QItrwNcp5,com.sec.android.app.shealth,,Sleep.Goal,2025-06-16 05:59:59.999,e0ee5abb-764a-44b3-a44f-445776f5ab2c,
,2025-06-15 00:00:00.000,,,1,,2025-06-15 14:44:59.502,2025-06-15 14:44:59.502,,vitality_excellent,,,UTC+0000,,3QItrwNcp5,com.sec.android.app.shealth,,tracker.vitality,2025-06-15 00:00:00.000,bf59659e-f9eb-4244-8820-adc934818fbc,
1,2025-06-18 06:00:00.000,,,1,,2025-06-18 13:07:25.471,2025-06-18 13:07:25.471,,sleep_excellent_sleep,,,UTC-0600,,3QItrwNcp5,com.sec.android.app.shealth,,Sleep.Goal,2025-06-19 05:59:59.999,381b6260-bc0b-465f-8a35-329f496c8540,
1,2025-06-20 06:00:00.000,,,1,,2025-06-20 12:47:41.446,2025-06-20 12:47:41.446,,sleep_excellent_sleep,,,UTC-0600,,3QItrwNcp5,com.sec.android.app.shealth,,Sleep.Goal,2025-06-21 05:59:59.999,6d4c2e11-c60d-4d65-87d5-17fe6d8f1d23,
7,2025-06-04 20:50:08.913,,,2,,2025-07-19 03:19:57.420,2025-06-23 01:46:55.766,,exercise_three_month_streak,,,UTC+0000,,3QItrwNcp5,com.sec.android.app.shealth,52908ae9-49a2-43c2-a64b-27e3ad9e558a,tracker.exercise,2025-07-13 21:07:42.450,bfd393c4-48ca-49d0-acee-abdaffd4677f,
1,2025-06-24 06:00:00.000,,,1,,2025-06-24 13:09:24.798,2025-06-24 13:09:24.798,,sleep_excellent_sleep,,,UTC-0600,,3QItrwNcp5,com.sec.android.app.shealth,,Sleep.Goal,2025-06-25 05:59:59.999,72ff5e00-15d2-4dce-8790-3b23e528856e,
1,2025-06-26 06:00:00.000,,,1,,2025-06-26 13:09:57.143,2025-06-26 13:09:57.143,,sleep_excellent_sleep,,,UTC-0600,,3QItrwNcp5,com.sec.android.app.shealth,,Sleep.Goal,2025-06-27 05:59:59.999,68afee48-00a0-41c0-9ed5-5a9eb4ca6e8f,
1,2025-06-27 06:00:00.000,,,1,,2025-06-27 13:50:23.246,2025-06-27 13:50:23.246,,sleep_excellent_sleep,,,UTC-0600,,3QItrwNcp5,com.sec.android.app.shealth,,Sleep.Goal,2025-06-28 05:59:59.999,d7b7b434-6bc9-4a75-861b-5661f589fe7b,
1,2025-06-29 06:00:00.000,,,1,,2025-06-29 14:07:41.803,2025-06-29 14:07:41.803,,sleep_excellent_sleep,,,UTC-0600,,3QItrwNcp5,com.sec.android.app.shealth,,Sleep.Goal,2025-06-30 05:59:59.999,6b5faa39-5f96-426f-b802-36c86109bb27,
,2025-06-29 00:00:00.000,,,1,,2025-06-29 14:07:43.704,2025-06-29 14:07:43.704,,vitality_excellent,,,UTC+0000,,3QItrwNcp5,com.sec.android.app.shealth,,tracker.vitality,2025-06-29 00:00:00.000,277cb49b-c18c-49cb-a10c-c055fd4db5a8,
,2025-06-30 00:00:00.000,,,1,,2025-06-30 14:14:46.677,2025-06-30 14:14:46.677,,vitality_excellent,,,UTC+0000,,3QItrwNcp5,com.sec.android.app.shealth,,tracker.vitality,2025-06-30 00:00:00.000,8a987e39-66da-43d0-af1d-958f78d0ddaf,
18,2025-07-01 00:00:00.000,,,2,,2025-07-19 03:50:38.384,2025-06-30 22:02:44.207,,daily_activity_month_streak_jul,,,UTC+0000,{"a":false},3QItrwNcp5,com.sec.android.app.shealth,,tracker.daily_activity,2025-07-18 00:00:00.000,3a68b42e-c498-49d0-93f1-ccd38b422dc9,
25,2025-06-01 00:00:00.000,,,1,,2025-07-19 03:50:38.242,2025-06-30 23:11:37.232,,daily_activity_month_streak_jun,,,UTC+0000,{"a":true},3QItrwNcp5,com.sec.android.app.shealth,,tracker.daily_activity,2025-06-30 23:59:59.999,ad47c074-b86d-436e-a81a-c8f17d2ec9ed,
14,2025-06-17 06:00:00.000,,,1,,2025-07-01 10:32:38.662,2025-07-01 00:51:03.341,,step_streak_2_week_streak,,,UTC-0600,,3QItrwNcp5,com.sec.android.app.shealth,,tracker.pedometer,2025-07-01 05:59:59.999,01fa5f87-d513-4d48-a5bc-ce40ab974c46,
,2025-07-01 00:00:00.000,,,1,,2025-07-01 13:30:46.564,2025-07-01 13:30:46.564,,vitality_excellent,,,UTC+0000,,3QItrwNcp5,com.sec.android.app.shealth,,tracker.vitality,2025-07-01 00:00:00.000,04ad41f8-0ac5-48d9-b5ad-6e7aa4529597,
21,2025-06-17 06:00:00.000,,,1,,2025-07-08 00:12:37.965,2025-07-01 21:30:04.452,,step_streak_3_week_streak,,,UTC-0600,,tFCCLQvz7k,com.sec.android.app.shealth,,tracker.pedometer,2025-07-08 05:59:59.999,d0f34c92-50c6-401e-bd97-f8e01729cbe1,
,2025-07-03 00:00:00.000,,,1,,2025-07-03 13:07:10.165,2025-07-03 13:07:10.165,,vitality_excellent,,,UTC+0000,,3QItrwNcp5,com.sec.android.app.shealth,,tracker.vitality,2025-07-03 00:00:00.000,d15d6a21-3ee4-4a7d-b436-c8d4ac3f746e,
28,2025-06-17 06:00:00.000,,,1,,2025-07-15 05:24:59.899,2025-07-08 13:18:30.519,,step_streak_4_week_streak,,,UTC-0600,,tFCCLQvz7k,com.sec.android.app.shealth,,tracker.pedometer,2025-07-15 05:59:59.999,37b3c3ab-4e1c-4d67-a9ec-0378842d97d7,
1,2025-07-09 06:00:00.000,,,1,,2025-07-09 13:24:42.330,2025-07-09 13:24:42.330,,sleep_excellent_sleep,,,UTC-0600,,3QItrwNcp5,com.sec.android.app.shealth,,Sleep.Goal,2025-07-10 05:59:59.999,800d013d-a818-45c6-b128-2206d73ece5c,
1,2025-07-11 06:00:00.000,,,1,,2025-07-11 12:03:44.068,2025-07-11 12:03:44.068,,sleep_excellent_sleep,,,UTC-0600,,3QItrwNcp5,com.sec.android.app.shealth,,Sleep.Goal,2025-07-12 05:59:59.999,4bfa8d08-d6b1-410f-9e63-0783151c206d,
,2025-07-11 00:00:00.000,,,1,,2025-07-11 12:03:45.692,2025-07-11 12:03:45.692,,vitality_excellent,,,UTC+0000,,3QItrwNcp5,com.sec.android.app.shealth,,tracker.vitality,2025-07-11 00:00:00.000,b0c85f13-f5a2-4ef6-b93d-f687547a382c,
1,2025-07-13 06:00:00.000,,,1,,2025-07-13 13:03:59.994,2025-07-13 13:03:59.994,,sleep_excellent_sleep,,,UTC-0600,,3QItrwNcp5,com.sec.android.app.shealth,,Sleep.Goal,2025-07-14 05:59:59.999,0072b3b7-2889-4198-9a10-eaa49a86c08b,
1,2025-07-15 06:00:00.000,,,1,,2025-07-15 13:12:54.648,2025-07-15 13:12:54.648,,sleep_excellent_sleep,,,UTC-0600,,3QItrwNcp5,com.sec.android.app.shealth,,Sleep.Goal,2025-07-16 05:59:59.999,8ef14608-5b22-46ad-8615-553932578d5b,
4,2025-07-15 06:00:00.000,,,2,,2025-07-19 03:01:44.851,2025-07-15 23:34:15.202,,step_streak_4_week_streak,,,UTC-0600,,3QItrwNcp5,com.sec.android.app.shealth,,tracker.pedometer,2025-07-19 05:59:59.999,5cc6701e-5faf-4633-8fd8-a9166aa1f044,
1,2025-07-16 06:00:00.000,,,1,,2025-07-16 13:10:27.987,2025-07-16 13:10:27.987,,sleep_excellent_sleep,,,UTC-0600,,3QItrwNcp5,com.sec.android.app.shealth,,Sleep.Goal,2025-07-17 05:59:59.999,5c274e9e-5361-46f7-b35e-d8c47e966a02,
,2025-07-16 00:00:00.000,,,1,,2025-07-16 13:10:29.266,2025-07-16 13:10:29.266,,vitality_excellent,,,UTC+0000,,3QItrwNcp5,com.sec.android.app.shealth,,tracker.vitality,2025-07-16 00:00:00.000,5ad00ad4-094a-479d-bcad-2c004190475f,
106687,2025-07-19 03:19:51.117,1002,,2,,2025-07-19 03:19:57.160,2025-07-16 23:23:53.296,,running_200K_accumulated,,,UTC-0600,,3QItrwNcp5,com.sec.android.app.shealth,e04975a6-a44a-4331-9d6f-f442e9c20e64,tracker.exercise,2025-07-19 03:19:57.117,ef290164-1163-4a37-8e18-3cc50587805c,
,2025-07-17 00:00:00.000,,,1,,2025-07-17 13:04:43.754,2025-07-17 13:04:43.754,,vitality_excellent,,,UTC+0000,,3QItrwNcp5,com.sec.android.app.shealth,,tracker.vitality,2025-07-17 00:00:00.000,a1c044e3-90d8-4dbd-89ab-4459aaa8bab9,
,2025-07-18 00:00:00.000,,,1,,2025-07-18 14:12:54.455,2025-07-18 14:12:54.455,,vitality_excellent,,,UTC+0000,,3QItrwNcp5,com.sec.android.app.shealth,,tracker.vitality,2025-07-18 00:00:00.000,a1b590ac-c801-4005-bbb4-b7b8fdeabc7f,
